2020/1/21,'600519,????,1075.3,1087,1072.3,1081,1091,-15.7,-1.439,3287405
2020/1/20,'600519,????,1091,1111.86,1082,1111.86,1107.5,-16.5,-1.4898,3539130
2020/1/17,'600519,????,1107.5,1112.78,1101.01,1110,1107,0.5,0.0452,2347275
2020/1/16,'600519,????,1107,1118.87,1102.58,1118.87,1112.13,-5.13,-0.4613,2319165
2020/1/15,'600519,????,1112.13,1121.6,1105,1109.01,1107.4,4.73,0.4271,2602911
2020/1/14,'600519,????,1107.4,1124.89,1103,1124.2,1124.27,-16.87,-1.5005,3514465
2020/1/13,'600519,????,1124.27,1129.2,1112,1112.5,1112.5,11.77,1.058,3851575
2020/1/10,'600519,????,1112.5,1115.99,1102.5,1109,1102.7,9.8,0.8887,3597587
2020/1/9,'600519,????,1102.7,1105.39,1090,1094,1088.14,14.56,1.3381,3740587
2020/1/8,'600519,????,1088.14,1095.5,1082.58,1085.05,1094.53,-6.39,-0.5838,2500825
2020/1/7,'600519,????,1094.53,1099,1076.4,1077.5,1077.99,16.54,1.5343,4785359
2020/1/6,'600519,????,1077.99,1092.9,1067.3,1070.86,1078.56,-0.57,-0.0528,6341478
2020/1/3,'600519,????,1078.56,1117,1076.9,1117,1130,-51.44,-4.5522,13031878
2020/1/2,'600519,????,1130,1145.06,1116,1128,1183,-53,-4.4801,14809916
2019/12/31,'600519,????,1183,1188,1176.51,1183,1185.8,-2.8,-0.2361,2258881
2019/12/30,'600519,????,1185.8,1195.5,1170.2,1170.2,1163,22.8,1.9604,4076066
2019/12/27,'600519,????,1163,1172,1150,1150,1135.1,27.9,2.4579,4706628
2019/12/26,'600519,????,1135.1,1141.98,1119.99,1132,1133.7,1.4,0.1235,2287727
2019/12/25,'600519,????,1133.7,1143,1130.01,1143,1148,-14.3,-1.2456,2430597
2019/12/24,'600519,????,1148,1155,1145,1153,1149.3,-1.3,-0.1131,1182310
2019/12/23,'600519,????,1149.3,1162.5,1136,1139,1146.3,3,0.2617,2591918
2019/12/20,'600519,????,1146.3,1162.18,1141.5,1162.18,1157.4,-11.1,-0.959,2356384
2019/12/19,'600519,????,1157.4,1163,1152,1163,1168,-10.6,-0.9075,1955230
2019/12/18,'600519,????,1168,1175.2,1164,1174,1169.98,-1.98,-0.1692,1964009
2019/12/17,'600519,????,1169.98,1173.6,1143.03,1149.7,1147.92,22.06,1.9217,4261696
2019/12/16,'600519,????,1147.92,1163,1137.94,1163,1163,-15.08,-1.2966,3093642
2019/12/13,'600519,????,1163,1165,1146,1146,1137,26,2.2867,3000059
2019/12/12,'600519,????,1137,1159.94,1130.08,1156,1158.98,-21.98,-1.8965,2940916
2019/12/11,'600519,????,1158.98,1170.75,1155.55,1168,1164.4,-5.42,-0.4655,1456799
2019/12/10,'600519,????,1164.4,1165,1151,1159.6,1158.7,5.7,0.4919,1508658
2019/12/9,'600519,????,1158.7,1176,1156.1,1175,1170,-11.3,-0.9658,2182412
2019/12/6,'600519,????,1170,1170,1130.1,1135.97,1129.8,40.2,3.5582,3950626
2019/12/5,'600519,????,1129.8,1132.01,1118,1125,1122.33,7.47,0.6656,2133879
2019/12/4,'600519,????,1122.33,1144.66,1118,1140,1118,4.33,0.3873,3528308
2019/12/3,'600519,????,1118,1133,1117.74,1133,1133,-15,-1.3239,2734093
2019/12/2,'600519,????,1133,1140.02,1118.2,1118.2,1129,4,0.3543,3078441
2019/11/29,'600519,????,1129,1165.5,1112.89,1165.5,1175.8,-46.8,-3.9803,8239732
2019/11/28,'600519,????,1175.8,1197.51,1169.02,1194.97,1189.95,-14.15,-1.1891,2884499
2019/11/27,'600519,????,1189.95,1196.62,1184.51,1192.8,1185,4.95,0.4177,1984881
2019/11/26,'600519,????,1185,1198.6,1183,1186.68,1182.06,2.94,0.2487,4023961
2019/11/25,'600519,????,1182.06,1194,1172.06,1188.05,1194,-11.94,-1,3828175
2019/11/22,'600519,????,1194,1229,1185,1223,1231.3,-37.3,-3.0293,4705428
2019/11/21,'600519,????,1231.3,1235.51,1221.06,1231,1233.75,-2.45,-0.1986,1918739
2019/11/20,'600519,????,1233.75,1239.51,1228.06,1230,1232.32,1.43,0.116,1528053
2019/11/19,'600519,????,1232.32,1241.61,1225.02,1228,1227.28,5.04,0.4107,2062375
2019/11/18,'600519,????,1227.28,1229.45,1218,1225.12,1224.9,2.38,0.1943,1803766
2019/11/15,'600519,????,1224.9,1232.91,1221.5,1230,1230,-5.1,-0.4146,1634072
2019/11/14,'600519,????,1230,1240,1222,1227,1224,6,0.4902,2352112
2019/11/13,'600519,????,1224,1227.8,1200,1207,1201.6,22.4,1.8642,3197704
2019/11/12,'600519,????,1201.6,1209.6,1198.21,1204,1199,2.6,0.2168,1915055
2019/11/11,'600519,????,1199,1206.2,1193.51,1201.5,1205,-6,-0.4979,1734246
2019/11/8,'600519,????,1205,1215.65,1201.51,1205,1201.37,3.63,0.3022,2451211
2019/11/7,'600519,????,1201.37,1201.88,1189,1196.51,1193,8.37,0.7016,1616788
2019/11/6,'600519,????,1193,1204,1188.88,1197,1199,-6,-0.5004,1973751
2019/11/5,'600519,????,1199,1205,1192,1199.5,1199.59,-0.59,-0.0492,2225472
2019/11/4,'600519,????,1199.59,1209.99,1189,1190,1185,14.59,1.2312,2673798
2019/11/1,'600519,????,1185,1191.95,1172.5,1181,1180.01,4.99,0.4229,2281196
2019/10/31,'600519,????,1180.01,1198,1176.15,1196,1183.8,-3.79,-0.3202,2590927
2019/10/30,'600519,????,1183.8,1192.7,1176,1190,1193,-9.2,-0.7712,2125475
2019/10/29,'600519,????,1193,1199.96,1177.77,1181.11,1178.29,14.71,1.2484,2780371
2019/10/28,'600519,????,1178.29,1181.01,1165,1166.01,1171.35,6.94,0.5925,2248599
2019/10/25,'600519,????,1171.35,1172.5,1143.03,1153.3,1150.27,21.08,1.8326,2599845
2019/10/24,'600519,????,1150.27,1166,1147.16,1164.95,1158.91,-8.64,-0.7455,2617844
2019/10/23,'600519,????,1158.91,1178,1156.11,1168,1170.8,-11.89,-1.0155,2308021
2019/10/22,'600519,????,1170.8,1181.5,1163.89,1178,1168.5,2.3,0.1968,1930943
2019/10/21,'600519,????,1168.5,1178.9,1163.3,1171.86,1175.79,-7.29,-0.62,2527467
2019/10/18,'600519,????,1175.79,1189.99,1171.69,1179,1183.33,-7.54,-0.6372,2829161
2019/10/17,'600519,????,1183.33,1186.66,1162.5,1176,1170,13.33,1.1393,3050870
2019/10/16,'600519,????,1170,1187.5,1160,1168,1211,-41,-3.3856,5915059
2019/10/15,'600519,????,1211,1215.68,1177.03,1180,1180,31,2.6271,4003473
2019/10/14,'600519,????,1180,1187.66,1170,1186,1174.6,5.4,0.4597,2718751
2019/10/11,'600519,????,1174.6,1175,1152.21,1157,1155,19.6,1.697,2868925
2019/10/10,'600519,????,1155,1158.93,1109.02,1127,1146.81,8.19,0.7142,4117370
2019/10/9,'600519,????,1146.81,1166.2,1135.05,1166.2,1167.1,-20.29,-1.7385,3578857
2019/10/8,'600519,????,1167.1,1180,1152.01,1153,1150,17.1,1.487,3104527
2019/9/30,'600519,????,1150,1169.43,1150,1163,1174.75,-24.75,-2.1068,3082514
2019/9/27,'600519,????,1174.75,1183,1153,1164,1167,7.75,0.6641,2282661
2019/9/26,'600519,????,1167,1183.35,1158.81,1174.94,1174,-7,-0.5963,2608194
2019/9/25,'600519,????,1174,1188.87,1170.5,1180,1184,-10,-0.8446,2402458
2019/9/24,'600519,????,1184,1184.9,1152,1155,1149,35,3.0461,3626913
2019/9/23,'600519,????,1149,1157,1131,1157,1157.42,-8.42,-0.7275,3002633
2019/9/20,'600519,????,1157.42,1160,1147.59,1151,1145,12.42,1.0847,3762666
2019/9/19,'600519,????,1145,1150,1137.1,1148,1148.9,-3.9,-0.3395,2447980
2019/9/18,'600519,????,1148.9,1150,1108.18,1108.5,1094.01,54.89,5.0173,6931447
2019/9/17,'600519,????,1094.01,1106.66,1087,1094,1099,-4.99,-0.454,2519693
2019/9/16,'600519,????,1099,1103.95,1083,1083,1099,0,0,3137180
2019/9/12,'600519,????,1099,1109.98,1066,1066,1069.52,29.48,2.7564,4121133
2019/9/11,'600519,????,1069.52,1119.97,1068,1119.22,1123.85,-54.33,-4.8343,8171654
2019/9/10,'600519,????,1123.85,1135,1120.01,1134.3,1136.52,-12.67,-1.1148,2622707
2019/9/9,'600519,????,1136.52,1148,1135,1145,1142.49,-5.97,-0.5225,2937934
2019/9/6,'600519,????,1142.49,1146.15,1131,1144.5,1144,-1.51,-0.132,2617659
2019/9/5,'600519,????,1144,1144.9,1128,1129,1125.01,18.99,1.688,3293084
2019/9/4,'600519,????,1125.01,1142.91,1120.11,1140.8,1140,-14.99,-1.3149,3360022
2019/9/3,'600519,????,1140,1151.02,1128.56,1140,1138.76,1.24,0.1089,2948509
2019/9/2,'600519,????,1138.76,1144.98,1129,1139.99,1142,-3.24,-0.2837,2823433
2019/8/30,'600519,????,1142,1146,1123,1125,1113.1,28.9,2.5964,4489077
2019/8/29,'600519,????,1113.1,1118.18,1092.5,1105,1100.11,12.99,1.1808,2933042
2019/8/28,'600519,????,1100.11,1123.19,1083.01,1109,1109,-8.89,-0.8016,4700967
2019/8/27,'600519,????,1109,1131.31,1109,1117,1102.95,6.05,0.5485,5216421
2019/8/26,'600519,????,1102.95,1128,1096.68,1113,1130.1,-27.15,-2.4024,4849789
2019/8/23,'600519,????,1130.1,1133.56,1095.62,1105,1104,26.1,2.3641,4019230
2019/8/22,'600519,????,1104,1104,1070,1072.99,1066,38,3.5647,3759078
2019/8/21,'600519,????,1066,1076.97,1061.66,1070.1,1070,-4,-0.3738,2506662
2019/8/20,'600519,????,1070,1073.68,1050,1055,1055.88,14.12,1.3373,2860213
2019/8/19,'600519,????,1055.88,1069.98,1049.05,1061,1054.6,1.28,0.1214,3286758
2019/8/16,'600519,????,1054.6,1075.58,1041,1049.84,1044.9,9.7,0.9283,3608673
2019/8/15,'600519,????,1044.9,1046.48,1028,1028,1043.33,1.57,0.1505,2723739
2019/8/14,'600519,????,1043.33,1051.9,1030.02,1030.02,1017.95,25.38,2.4932,4141095
2019/8/13,'600519,????,1017.95,1026,1010.68,1016.16,1018.63,-0.68,-0.0668,3032970
2019/8/12,'600519,????,1018.63,1020.1,995.01,1010.31,962.03,56.6,5.8834,8149895
2019/8/9,'600519,????,962.03,980.95,958.99,978.5,971.68,-9.65,-0.9931,2846170
2019/8/8,'600519,????,971.68,974,952,953.5,945,26.68,2.8233,3880813
2019/8/7,'600519,????,945,955.53,945,949.5,946.3,-1.3,-0.1374,2686998
2019/8/6,'600519,????,946.3,948,923.8,931,942.43,3.87,0.4106,4399116
2019/8/5,'600519,????,942.43,954,940,945,954.45,-12.02,-1.2594,3677431
2019/8/2,'600519,????,954.45,957.98,943,944,959.3,-4.85,-0.5056,3971940
2019/8/1,'600519,????,959.3,977,953.02,976.51,972.6,-13.3,-1.3675,3508952
2019/7/31,'600519,????,972.6,981.77,966.59,975,978.93,-6.33,-0.6466,2252620
2019/7/30,'600519,????,978.93,983,971,976.5,976.41,2.52,0.2581,1953797
2019/7/29,'600519,????,976.41,979.5,960.01,962.03,965.03,11.38,1.1792,2698133
2019/7/26,'600519,????,965.03,971,958.55,961.97,963,2.03,0.2108,2646759
2019/7/25,'600519,????,963,963.36,938.15,945.97,946.36,16.64,1.7583,3825570
2019/7/24,'600519,????,946.36,959.9,944.69,958.31,953.98,-7.62,-0.7988,4677120
2019/7/23,'600519,????,953.98,962.59,943.86,962.3,957.02,-3.04,-0.3177,3248395
2019/7/22,'600519,????,957.02,964,950.25,960,955.87,1.15,0.1203,2812549
2019/7/19,'600519,????,955.87,960.8,948,955,947.5,8.37,0.8834,2801481
2019/7/18,'600519,????,947.5,963,947.18,961.5,963.5,-16,-1.6606,3925295
2019/7/17,'600519,????,963.5,972.99,962.13,968,968,-4.5,-0.4649,2546887
2019/7/16,'600519,????,968,982.3,965,975.45,975.93,-7.93,-0.8126,3324524
2019/7/15,'600519,????,975.93,980.1,951.13,967.8,986.09,-10.16,-1.0303,5987040
2019/7/12,'600519,????,986.09,991.5,980.01,981.3,981.5,4.59,0.4677,2817385
2019/7/11,'600519,????,981.5,998.38,976,989.96,982.52,-1.02,-0.1038,3051419
2019/7/10,'600519,????,982.52,990.58,977,980.93,976.06,6.46,0.6618,2816670
2019/7/9,'600519,????,976.06,989,968.35,979.3,984.86,-8.8,-0.8935,3172332
2019/7/8,'600519,????,984.86,997.9,975,995.05,999.82,-14.96,-1.4963,3361352
2019/7/5,'600519,????,999.82,1006,976.3,986,981.2,18.62,1.8977,5003271
2019/7/4,'600519,????,981.2,990.8,971.22,985.8,987.9,-6.7,-0.6782,4621668
2019/7/3,'600519,????,987.9,1023,981.5,1020,1025,-37.1,-3.6195,6713932
2019/7/2,'600519,????,1025,1029.5,1016,1025,1031.86,-6.86,-0.6648,3906109
2019/7/1,'600519,????,1031.86,1035.6,1000.22,1004.52,984,47.86,4.8638,5233723
2019/6/28,'600519,XD???,984,988.88,971.33,985.99,981.81,2.19,0.2231,3108840
2019/6/27,'600519,????,996.35,1001,981.12,985,979.86,16.49,1.6829,4797845
2019/6/26,'600519,????,979.86,985,971.22,985,982.98,-3.12,-0.3174,2958818
2019/6/25,'600519,????,982.98,999,967,992,987.1,-4.12,-0.4174,5129595
2019/6/24,'600519,????,987.1,999.69,975,978.3,976.3,10.8,1.1062,4577920
2019/6/21,'600519,????,976.3,984.49,964.5,969.97,975,1.3,0.1333,4592675
2019/6/20,'600519,????,975,975.5,932.2,932.5,932.01,42.99,4.6126,6727197
2019/6/19,'600519,????,932.01,946.7,932.01,940,917,15.01,1.6369,5372640
2019/6/18,'600519,????,917,920,902.6,917,911.6,5.4,0.5924,2944138
2019/6/17,'600519,????,911.6,926.94,906.02,907,913,-1.4,-0.1533,3276903
2019/6/14,'600519,????,913,932.3,910.02,911,910,3,0.3297,4245504
2019/6/13,'600519,????,910,912.3,897,910,906.7,3.3,0.364,3291742
2019/6/12,'600519,????,906.7,910.99,894,906.22,910.89,-4.19,-0.46,3774740
2019/6/11,'600519,????,910.89,915.61,875,876,871.08,39.81,4.5702,8010644
2019/6/10,'600519,????,871.08,878.95,840,857.98,862.13,8.95,1.0381,5550246
2019/6/6,'600519,????,862.13,875.77,858,875.62,871.6,-9.47,-1.0865,3478685
2019/6/5,'600519,????,871.6,886.26,870,884,875.3,-3.7,-0.4227,3406736
2019/6/4,'600519,????,875.3,895.43,871,895,892,-16.7,-1.8722,3968948
2019/6/3,'600519,????,892,901.35,886.28,892,890,2,0.2247,3447924
2019/5/31,'600519,????,890,906.99,890,900.53,905.3,-15.3,-1.69,3579380
2019/5/30,'600519,????,905.3,919.99,891.22,910,911.91,-6.61,-0.7249,4024720
2019/5/29,'600519,????,911.91,924.95,888.01,888.01,888,23.91,2.6926,6564696
2019/5/28,'600519,????,888,907.49,875.02,877.99,879,9,1.0239,7477277
2019/5/27,'600519,????,879,882.99,860.05,879.1,878.5,0.5,0.0569,3916191
2019/5/24,'600519,????,878.5,885,864.44,865,861,17.5,2.0325,4403409
2019/5/23,'600519,????,861,883.98,856.22,881,888,-27,-3.0405,5805863
2019/5/22,'600519,????,888,904,880,894.98,895,-7,-0.7821,3204158
2019/5/21,'600519,????,895,910,872.02,885,884.96,10.04,1.1345,4238565
2019/5/20,'600519,????,884.96,900,871,900,906.79,-21.83,-2.4074,4440799
2019/5/17,'600519,????,906.79,932.3,900.1,927.02,929.91,-23.12,-2.4863,4984161
2019/5/16,'600519,????,929.91,932,905,919,927,2.91,0.3139,4454012
2019/5/15,'600519,????,927,933,890.24,890.24,886.57,40.43,4.5603,6312425
2019/5/14,'600519,????,886.57,906,873,885,892,-5.43,-0.6087,5998312
2019/5/13,'600519,????,892,910.98,884,898.86,907.12,-15.12,-1.6668,4663718
2019/5/10,'600519,????,907.12,910.78,868.19,875.66,858.81,48.31,5.6252,7990738
2019/5/9,'600519,????,858.81,879.87,842.5,875,884.4,-25.59,-2.8935,9154515
2019/5/8,'600519,????,884.4,901.8,860,860,890,-5.6,-0.6292,8188298
2019/5/7,'600519,????,890,913.94,870.22,893.28,906,-16,-1.766,10083726
2019/5/6,'600519,????,906,935,893,925.5,974,-68,-6.9815,13509968
2019/4/30,'600519,????,974,984.96,963.11,968,971.97,2.03,0.2089,3594318
2019/4/29,'600519,????,971.97,989,935,945,945,26.97,2.854,5257230
2019/4/26,'600519,????,945,959.88,945,946.3,952.37,-7.37,-0.7739,4327768
2019/4/25,'600519,????,952.37,973.99,951.22,968.79,970,-17.63,-1.8175,3980134
2019/4/24,'600519,????,970,990,951.22,979.88,974.95,-4.95,-0.5077,4522700
2019/4/23,'600519,????,974.95,981.22,949.2,951,949.2,25.75,2.7128,4885205
2019/4/22,'600519,????,949.2,978.89,940.61,959.5,952.56,-3.36,-0.3527,4062796
2019/4/19,'600519,????,952.56,960.95,931.31,943.96,945.5,7.06,0.7467,3237978
2019/4/18,'600519,????,945.5,954.68,936.22,945.41,952,-6.5,-0.6828,1959852
2019/4/17,'600519,????,952,955.51,925,938,939.9,12.1,1.2874,4076102
2019/4/16,'600519,????,939.9,939.9,901.22,904.9,907,32.9,3.6273,4642344
2019/4/15,'600519,????,907,939,907,931,914,-7,-0.7659,4552264
2019/4/12,'600519,????,914,919.99,900.01,909,925.2,-11.2,-1.2105,4861217
2019/4/11,'600519,????,925.2,950,905.55,948,947.99,-22.79,-2.404,6110254
2019/4/10,'600519,????,947.99,951.9,900,903,905,42.99,4.7503,6781438
2019/4/9,'600519,????,905,908.2,892.51,903,900.2,4.8,0.5332,4798980
2019/4/8,'600519,????,900.2,908,890.12,900,865,35.2,4.0694,6625193
2019/4/4,'600519,????,865,865.8,836.2,840,844.5,20.5,2.4275,5577236
2019/4/3,'600519,????,844.5,851.74,834.21,840.12,850,-5.5,-0.6471,4305680
2019/4/2,'600519,????,850,859.99,836.06,859.99,859,-9,-1.0477,5322705
2019/4/1,'600519,????,859,868.95,851,860,853.99,5.01,0.5867,6093461
2019/3/29,'600519,????,853.99,866.68,830.17,835,806.8,47.19,5.849,9093396
2019/3/28,'600519,????,806.8,814.48,785.68,793.43,788.5,18.3,2.3209,5756676
2019/3/27,'600519,????,788.5,793.88,775,781,773,15.5,2.0052,4280739
2019/3/26,'600519,????,773,785.94,764.1,780,775.6,-2.6,-0.3352,3759569
2019/3/25,'600519,????,775.6,788,773.3,786,794,-18.4,-2.3174,3727046
2019/3/22,'600519,????,794,799.98,785,788.22,785.75,8.25,1.05,3051750
2019/3/21,'600519,????,785.75,792.8,781.5,788,792.8,-7.05,-0.8893,3257328
2019/3/20,'600519,????,792.8,802.3,785,790,792.61,0.19,0.024,3111752
2019/3/19,'600519,????,792.61,807.92,792.3,803,810.09,-17.48,-2.1578,4063493
2019/3/18,'600519,????,810.09,814.53,777,778.8,777.3,32.79,4.2184,8131880
2019/3/15,'600519,????,777.3,787.5,764.85,776,778,-0.7,-0.09,5240071
2019/3/14,'600519,????,778,785,754,757,754,24,3.183,6217256
2019/3/13,'600519,????,754,760.75,745.5,745.5,745.01,8.99,1.2067,4056136
2019/3/12,'600519,????,745.01,763.83,739,763.82,758.54,-13.53,-1.7837,5251001
2019/3/11,'600519,????,758.54,766.95,740.04,740.04,737.5,21.04,2.8529,5305724
2019/3/8,'600519,????,737.5,746.83,733.65,737.9,748.6,-11.1,-1.4828,5227525
2019/3/7,'600519,????,748.6,762.22,745.56,762.22,768,-19.4,-2.526,6018053
2019/3/6,'600519,????,768,779.5,765.88,775,779.78,-11.78,-1.5107,4673137
2019/3/5,'600519,????,779.78,789.55,775.88,785,781.86,-2.08,-0.266,4483056
2019/3/4,'600519,????,781.86,798.33,777.22,795,789.3,-7.44,-0.9426,8458596
2019/3/1,'600519,????,789.3,790,761,761.5,755.01,34.29,4.5417,6384023
2019/2/28,'600519,????,755.01,763.42,736.95,737.9,740.7,14.31,1.932,5698625
2019/2/27,'600519,????,740.7,758.02,731,733,727.35,13.35,1.8354,6594227
2019/2/26,'600519,????,727.35,749.18,726,747.8,742.33,-14.98,-2.018,5796466
2019/2/25,'600519,????,742.33,744.44,717.99,730.75,726.01,16.32,2.2479,8262259
2019/2/22,'600519,????,726.01,728.49,714.1,717,720.25,5.76,0.7997,2590877
2019/2/21,'600519,????,720.25,730.48,717,720,722,-1.75,-0.2424,2985040
2019/2/20,'600519,????,722,735,716.06,735,730.76,-8.76,-1.1988,3788237
2019/2/19,'600519,????,730.76,742.5,726.66,740.96,740,-9.24,-1.2486,2950150
2019/2/18,'600519,????,740,744.95,731,731,724.78,15.22,2.0999,3774589
2019/2/15,'600519,????,724.78,734.88,723.02,734.88,737.16,-12.38,-1.6794,2323798
2019/2/14,'600519,????,737.16,743.66,730.14,731.2,735.25,1.91,0.2598,3225813
2019/2/13,'600519,????,735.25,736.16,717.22,723,717.92,17.33,2.4139,3567706
2019/2/12,'600519,????,717.92,725.49,715.2,723,725.3,-7.38,-1.0175,3509143
2019/2/11,'600519,????,725.3,729.5,688.18,695,692.67,32.63,4.7108,5814075
2019/2/1,'600519,????,692.67,699,689.61,697.04,689.6,3.07,0.4452,3052062
2019/1/31,'600519,????,689.6,689.6,677.56,680,676,13.6,2.0118,3669657
2019/1/30,'600519,????,676,686.22,676,684.99,685,-9,-1.3139,2269996
2019/1/29,'600519,????,685,688,668,677.5,677,8,1.1817,3034259
2019/1/28,'600519,????,677,693.98,676.03,684,679.7,-2.7,-0.3972,3610287
2019/1/25,'600519,????,679.7,684.9,669.93,675.88,672.5,7.2,1.0706,2898635
2019/1/24,'600519,????,672.5,677.83,664.68,670.3,665.66,6.84,1.0276,2915527
2019/1/23,'600519,????,665.66,674.5,663.13,667.22,671,-5.34,-0.7958,3362481
2019/1/22,'600519,????,671,686,665.22,686,686.98,-15.98,-2.3261,4212221
2019/1/21,'600519,????,686.98,698.88,681.88,690,683.61,3.37,0.493,4705193
2019/1/18,'600519,????,683.61,690.2,661.5,665,659.25,24.36,3.6951,6860918
2019/1/17,'600519,????,659.25,669.7,655.8,663,661.1,-1.85,-0.2798,3028476
2019/1/16,'600519,????,661.1,665.65,653.6,658,659.98,1.12,0.1697,4208364
2019/1/15,'600519,????,659.98,661.5,625,627.86,624.6,35.38,5.6644,5576485
2019/1/14,'600519,????,624.6,635.89,621.55,633,635.88,-11.28,-1.7739,2564890
2019/1/11,'600519,????,635.88,637,618.75,625,618.77,17.11,2.7652,3888421
2019/1/10,'600519,????,618.77,624.88,610.25,617.13,616.12,2.65,0.4301,2904390
2019/1/9,'600519,????,616.12,626.16,609.04,609.99,604.79,11.33,1.8734,4989227
2019/1/8,'600519,????,604.79,612,600.28,605.5,605.49,-0.7,-0.1156,2883813
2019/1/7,'600519,????,605.49,612,602.22,608,602,3.49,0.5797,3475013
2019/1/4,'600519,????,602,607.67,582.02,587.28,590,12,2.0339,3768347
2019/1/3,'600519,????,590,601.66,585.8,599.97,598.98,-8.98,-1.4992,3097735
2019/1/2,'600519,????,598.98,612,595.01,609.98,590.01,8.97,1.5203,6228649
2018/12/28,'600519,????,590.01,596.4,560,563.3,563,27.01,4.7975,6367837
2018/12/27,'600519,????,563,571.85,562.22,570,560.08,2.92,0.5214,2949357
2018/12/26,'600519,????,560.08,568.4,558,563.81,565.79,-5.71,-1.0092,1786620
2018/12/25,'600519,????,565.79,567.5,553.61,562.22,568,-2.21,-0.3891,2659286
2018/12/24,'600519,????,568,570.91,558,563.5,567.41,0.59,0.104,1910986
2018/12/21,'600519,????,567.41,573.45,562.21,571,574.5,-7.09,-1.2341,3064043
2018/12/20,'600519,????,574.5,581.5,568.89,576.22,577.8,-3.3,-0.5711,2694098
2018/12/19,'600519,????,577.8,590.99,576.03,589,590.94,-13.14,-2.2236,2571596
2018/12/18,'600519,????,590.94,591.54,585,585.88,590.52,0.42,0.0711,1922218
2018/12/17,'600519,????,590.52,595.97,585.01,592.57,592.96,-2.44,-0.4115,2489585
2018/12/14,'600519,????,592.96,599.8,592,598.01,601.75,-8.79,-1.4607,2455448
2018/12/13,'600519,????,601.75,606.88,589.6,590,589,12.75,2.1647,4039941
2018/12/12,'600519,????,589,589.2,582.8,588.79,582.99,6.01,1.0309,1992154
2018/12/11,'600519,????,582.99,586.55,577,577,577.23,5.76,0.9979,1631660
2018/12/10,'600519,????,577.23,587.5,574.18,576,587,-9.77,-1.6644,2464068
2018/12/7,'600519,????,587,598.86,584.7,595.6,591.8,-4.8,-0.8111,2684167
2018/12/6,'600519,????,591.8,605.98,590.36,600,610.1,-18.3,-2.9995,3775807
2018/12/5,'600519,????,610.1,616.5,595,597.5,602.23,7.87,1.3068,4158819
2018/12/4,'600519,????,602.23,604.26,595,602.99,601.2,1.03,0.1713,3147388
2018/12/3,'600519,????,601.2,605,584.77,589,565,36.2,6.4071,8341468
2018/11/30,'600519,????,565,568.89,553,557,551.6,13.4,2.4293,4901046
2018/11/29,'600519,????,551.6,569.8,549.01,566.03,557,-5.4,-0.9695,4506945
2018/11/28,'600519,????,557,559.19,545.5,550.85,548.1,8.9,1.6238,2773793
2018/11/27,'600519,????,548.1,554.99,546.5,552,552.11,-4.01,-0.7263,2023382
2018/11/26,'600519,????,552.11,560.2,552,558,556.9,-4.79,-0.8601,1912019
2018/11/23,'600519,????,556.9,567.3,556.9,564,564.5,-7.6,-1.3463,2012621
2018/11/22,'600519,????,564.5,567.33,558,565.15,564.7,-0.2,-0.0354,2121333
2018/11/21,'600519,????,564.7,568.9,553.68,554,561.6,3.1,0.552,2710730
2018/11/20,'600519,????,561.6,568,560,565,569.02,-7.42,-1.304,2694326
2018/11/19,'600519,????,569.02,572,559.11,560.3,560,9.02,1.6107,3617925
2018/11/16,'600519,????,560,566,558.03,561,559.7,0.3,0.0536,2893879
2018/11/15,'600519,????,559.7,564.8,555.5,558.8,555.1,4.6,0.8287,3083340
2018/11/14,'600519,????,555.1,569.96,552.55,569.96,570,-14.9,-2.614,4176683
2018/11/13,'600519,????,570,570,543,546.12,552,18,3.2609,6642905
2018/11/12,'600519,????,552,554.2,536.8,553,562,-10,-1.7794,6782422
2018/11/9,'600519,????,562,569,562,567.22,570.34,-8.34,-1.4623,2433682
2018/11/8,'600519,????,570.34,577,568,574,566.4,3.94,0.6956,3376374
2018/11/7,'600519,????,566.4,574.95,562.01,569,566,0.4,0.0707,3810778
2018/11/6,'600519,????,566,574.16,558.01,574,575.8,-9.8,-1.702,4556614
2018/11/5,'600519,????,575.8,593,571.77,593,599.9,-24.1,-4.0173,7551708
2018/11/2,'600519,????,599.9,600,572.24,585,563,36.9,6.5542,8915696
2018/11/1,'600519,????,563,585.5,551.25,555,548.9,14.1,2.5688,9810672
2018/10/31,'600519,????,548.9,555,522,527,524,24.9,4.7519,9688482
2018/10/30,'600519,????,524,543,509.02,510,549.09,-25.09,-4.5694,20439667
2018/10/29,'600519,????,549.09,549.09,549.09,549.09,610.1,-61.01,-10,4907600
2018/10/26,'600519,????,610.1,625,607.98,619,619,-8.9,-1.4378,5532738
2018/10/25,'600519,????,619,622.5,608.58,620,636.99,-17.99,-2.8242,7556838
2018/10/24,'600519,????,636.99,650,620,628.11,641.74,-4.75,-0.7402,7611282
2018/10/23,'600519,????,641.74,689,635,689,693,-51.26,-7.3968,12311273
2018/10/22,'600519,????,693,702.02,675,675,670,23,3.4328,7310857
2018/10/19,'600519,????,670,675,635.08,638,645.94,24.06,3.7248,7619938
2018/10/18,'600519,????,645.94,660,644.97,660,665.72,-19.78,-2.9712,5215607
2018/10/17,'600519,????,665.72,677.3,649.9,675,667.14,-1.42,-0.2128,4307707
2018/10/16,'600519,????,667.14,679.53,662.01,665.98,666.9,0.24,0.036,2639360
2018/10/15,'600519,????,666.9,671.95,660.03,669.49,668,-1.1,-0.1647,3560730
2018/10/12,'600519,????,668,672.68,650.58,651,644.99,23.01,3.5675,5447256
2018/10/11,'600519,????,644.99,668.94,635.01,635.01,670.92,-25.93,-3.8648,9158196
2018/10/10,'600519,????,670.92,698,669.69,697.26,695,-24.08,-3.4647,6309820
2018/10/9,'600519,????,695,698.71,685.9,686.9,686.15,8.85,1.2898,4022283
2018/10/8,'600519,????,686.15,719,686.15,715.41,730,-43.85,-6.0068,8274502
2018/9/28,'600519,????,730,733.2,718.88,726.7,724,6,0.8287,3508980
2018/9/27,'600519,????,724,728,715.4,727.5,724.93,-0.93,-0.1283,4050853
2018/9/26,'600519,????,724.93,732.68,701.99,702.1,697.02,27.91,4.0042,7228777
2018/9/25,'600519,????,697.02,705.77,693.26,695,700.01,-2.99,-0.4271,3063991
2018/9/21,'600519,????,700.01,700.01,680.01,682,678.55,21.46,3.1626,4261720
2018/9/20,'600519,????,678.55,686.9,677.36,685.2,681.42,-2.87,-0.4212,2751948
2018/9/19,'600519,????,681.42,686,666,666.58,666.7,14.72,2.2079,4822184
2018/9/18,'600519,????,666.7,668,642.22,643,645.81,20.89,3.2347,3785868
2018/9/17,'600519,????,645.81,652.96,641.06,645,642.9,2.91,0.4526,2911295
2018/9/14,'600519,????,642.9,649.78,628.53,633.98,631.98,10.92,1.7279,4090019
2018/9/13,'600519,????,631.98,642,620,638,630,1.98,0.3143,4771316
2018/9/12,'600519,????,630,644.87,628.01,643,646,-16,-2.4768,4115737
2018/9/11,'600519,????,646,650.97,640.63,645.57,644.8,1.2,0.1861,1949687
2018/9/10,'600519,????,644.8,653.81,640.7,652.2,650.97,-6.17,-0.9478,2120220
2018/9/7,'600519,????,650.97,658.03,645.14,645.5,644,6.97,1.0823,2924006
2018/9/6,'600519,????,644,659.26,640,652,657.79,-13.79,-2.0964,4237058
2018/9/5,'600519,????,657.79,676.99,657,675,675.04,-17.25,-2.5554,2898342
2018/9/4,'600519,????,675.04,676,661.6,666.8,666.21,8.83,1.3254,2154048
2018/9/3,'600519,????,666.21,667.67,650.8,652,659.19,7.02,1.0649,3017984
2018/8/31,'600519,????,659.19,677,656.5,676.25,680.4,-21.21,-3.1173,5898093
2018/8/30,'600519,????,680.4,692.6,679.01,688.21,685.85,-5.45,-0.7946,3378833
2018/8/29,'600519,????,685.85,688.88,679.1,682,681,4.85,0.7122,2740403
2018/8/28,'600519,????,681,693.78,678.55,693,687.3,-6.3,-0.9166,3248890
2018/8/27,'600519,????,687.3,687.3,662,662,660.3,27,4.0891,4801692
2018/8/24,'600519,????,660.3,669,656.46,669,670.21,-9.91,-1.4786,2609026
2018/8/23,'600519,????,670.21,678.5,665.18,671.7,667.7,2.51,0.3759,2735727
2018/8/22,'600519,????,667.7,673.2,663,671,671.49,-3.79,-0.5644,2067551
2018/8/21,'600519,????,671.49,672.3,647,647,644.79,26.7,4.1409,5224902
2018/8/20,'600519,????,644.79,645.55,616.86,632.45,634.86,9.93,1.5641,4885234
2018/8/17,'600519,????,634.86,657.5,630.01,657.5,648.44,-13.58,-2.0943,4657457
2018/8/16,'600519,????,648.44,668.5,640,652,662.8,-14.36,-2.1666,5993985
2018/8/15,'600519,????,662.8,680,661,679.8,680.13,-17.33,-2.548,3499709
2018/8/14,'600519,????,680.13,684.5,673.51,679.22,679.22,0.91,0.134,2169683
2018/8/13,'600519,????,679.22,683,666.68,683,687.18,-7.96,-1.1584,3457041
2018/8/10,'600519,????,687.18,694.77,684.2,691.88,691.88,-4.7,-0.6793,2381767
2018/8/9,'600519,????,691.88,694.5,670.12,671,676.22,15.66,2.3158,3448575
2018/8/8,'600519,????,676.22,689,671.87,687.02,686.28,-10.06,-1.4659,2968544
2018/8/7,'600519,????,686.28,687.83,662.02,672.3,669.68,16.6,2.4788,3908559
2018/8/6,'600519,????,669.68,684,662.25,677,678.99,-9.31,-1.3712,4524812
2018/8/3,'600519,????,678.99,695,676.2,695,695.84,-16.85,-2.4215,4733699
2018/8/2,'600519,????,695.84,715.97,687.88,715.97,714.94,-19.1,-2.6716,5500143
2018/8/1,'600519,????,714.94,732.3,714.11,731.4,726.44,-11.5,-1.5831,2523788
2018/7/31,'600519,????,726.44,727.88,719.21,720.3,719.21,7.23,1.0053,2068346
2018/7/30,'600519,????,719.21,740.66,715,738.9,738.56,-19.35,-2.62,4217166
2018/7/27,'600519,????,738.56,744.3,730,736,735.62,2.94,0.3997,2091360
2018/7/26,'600519,????,735.62,748.9,734.23,748.9,743.81,-8.19,-1.1011,2306726
2018/7/25,'600519,????,743.81,749.88,740.01,746.95,745.4,-1.59,-0.2133,2174388
2018/7/24,'600519,????,745.4,747.3,723,732.68,732.07,13.33,1.8209,4180860
2018/7/23,'600519,????,732.07,741.15,720.01,736,741.13,-9.06,-1.2225,3596989
2018/7/20,'600519,????,741.13,743.13,728,741.5,740.95,0.18,0.0243,3054850
2018/7/19,'600519,????,740.95,743.95,735.02,739,737.44,3.51,0.476,1807850
2018/7/18,'600519,????,737.44,749.69,735,742.43,742.43,-4.99,-0.6721,2452171
2018/7/17,'600519,????,742.43,757,736.02,757,754.68,-12.25,-1.6232,2780603
2018/7/16,'600519,????,754.68,764.11,751.03,752.3,746.99,7.69,1.0295,3247487
2018/7/13,'600519,????,746.99,748.1,735.12,742.3,737.54,9.45,1.2813,2890704
2018/7/12,'600519,????,737.54,741.17,718,718,719.58,17.96,2.4959,4017004
2018/7/11,'600519,????,719.58,724,702.22,710,725.76,-6.18,-0.8515,2427845
2018/7/10,'600519,????,725.76,731.5,713.33,729,727.24,-1.48,-0.2035,2901047
2018/7/9,'600519,????,727.24,729.86,719.73,720.03,714.12,13.12,1.8372,4057266
2018/7/6,'600519,????,714.12,720.93,699.26,707,702.39,11.73,1.67,4415661
2018/7/5,'600519,????,702.39,716.2,700,700,690.91,11.48,1.6616,4712380
2018/7/4,'600519,????,690.91,700,688,692,694.92,-4.01,-0.577,3799075
2018/7/3,'600519,????,694.92,715.78,678.23,709.76,711.55,-16.63,-2.3372,8283710
2018/7/2,'600519,????,711.55,739.33,703,734.52,731.46,-19.91,-2.722,3755811
2018/6/29,'600519,????,731.46,732.3,705,712.3,710.93,20.53,2.8878,3292927
2018/6/28,'600519,????,710.93,719,697,714,722.44,-11.51,-1.5932,5083394
2018/6/27,'600519,????,722.44,757,721,752,754.8,-32.36,-4.2872,5729801
2018/6/26,'600519,????,754.8,769.88,747,765.31,765.56,-10.76,-1.4055,4657798
2018/6/25,'600519,????,765.56,778.97,764.9,766,766.53,-0.97,-0.1265,3293416
2018/6/22,'600519,????,766.53,767,750,754,759.32,7.21,0.9495,2885481
2018/6/21,'600519,????,759.32,778.89,758.77,765.22,763.59,-4.27,-0.5592,3918255
2018/6/20,'600519,????,763.59,765,741,741,738,25.59,3.4675,4583802
2018/6/19,'600519,????,738,769,737,769,773.33,-35.33,-4.5686,6019587
2018/6/15,'600519,XD???,773.33,778.58,769.1,773.2,775.13,-1.8,-0.2322,3170773
2018/6/14,'600519,????,786.13,793.8,775.18,790,790.33,-4.2,-0.5314,3615961
2018/6/13,'600519,????,790.33,802.62,788.88,800,799.19,-8.86,-1.1086,3524437
2018/6/12,'600519,????,799.19,803.5,776.5,778,775.73,23.46,3.0242,5528708
2018/6/11,'600519,????,775.73,786,768.33,776.05,777.95,-2.22,-0.2854,3654755
2018/6/8,'600519,????,777.95,785.9,770,780,780.97,-3.02,-0.3867,3495846
2018/6/7,'600519,????,780.97,795.55,778.9,789.98,785.75,-4.78,-0.6083,3916778
2018/6/6,'600519,????,785.75,800.95,782.3,788,788.05,-2.3,-0.2919,4896948
2018/6/5,'600519,????,788.05,794.7,777.23,786.5,781.97,6.08,0.7775,5262967
2018/6/4,'600519,????,781.97,782.9,745.88,752.35,745.11,36.86,4.9469,7380597
2018/6/1,'600519,????,745.11,754.98,738.76,751.13,751.13,-6.02,-0.8015,3617763
2018/5/31,'600519,????,751.13,751.62,730.24,730.25,725.87,25.26,3.48,7185287
2018/5/30,'600519,????,725.87,737.3,720.05,727.22,731.43,-5.56,-0.7602,3714710
2018/5/29,'600519,????,731.43,750,731.28,738.8,740.4,-8.97,-1.2115,4082027
2018/5/28,'600519,????,740.4,740.66,715.12,718,716.86,23.54,3.2838,4280523
2018/5/25,'600519,????,716.86,727,712,712,715.4,1.46,0.2041,2651146
2018/5/24,'600519,????,715.4,728.66,713,720,723.78,-8.38,-1.1578,3041634
2018/5/23,'600519,????,723.78,740,723.58,740,739.57,-15.79,-2.135,2826871
2018/5/22,'600519,????,739.57,739.84,730.02,735.22,734.82,4.75,0.6464,1699896
2018/5/21,'600519,????,734.82,747.3,732.48,744,739.32,-4.5,-0.6087,2905958
2018/5/18,'600519,????,739.32,741,721.19,723.99,727.38,11.94,1.6415,2925517
2018/5/17,'600519,????,727.38,737.5,724,735.12,734.52,-7.14,-0.9721,2851793
2018/5/16,'600519,????,734.52,745.66,733.28,740,743.06,-8.54,-1.1493,3079520
2018/5/15,'600519,????,743.06,746.44,734,746,742.41,0.65,0.0876,3805580
2018/5/14,'600519,????,742.41,743,724,724,718.02,24.39,3.3968,5101471
2018/5/11,'600519,????,718.02,730.5,715.7,718.69,714.19,3.83,0.5363,3914165
2018/5/10,'600519,????,714.19,716,703.5,703.5,701.95,12.24,1.7437,3929380
2018/5/9,'600519,????,701.95,712.3,697.12,709.08,708.83,-6.88,-0.9706,3233106
2018/5/8,'600519,????,708.83,712.13,698.03,698.03,698.17,10.66,1.5268,6249783
2018/5/7,'600519,????,698.17,701.88,657.77,659.95,662.87,35.3,5.3253,8559143
2018/5/4,'600519,????,662.87,674.83,660.57,670.98,670.88,-8.01,-1.194,3737584
2018/5/3,'600519,????,670.88,673.68,658,666,667.83,3.05,0.4567,3632653
2018/5/2,'600519,????,667.83,668.99,645.06,660,662.53,5.3,0.8,7025911
2018/4/27,'600519,????,662.53,688.36,655,685.25,678.23,-15.7,-2.3148,5791521
2018/4/26,'600519,????,678.23,692.28,673,692,690.97,-12.74,-1.8438,3504790
2018/4/25,'600519,????,690.97,692,683.02,689,689.88,1.09,0.158,2525222
2018/4/24,'600519,????,689.88,693.5,675,676,674.01,15.87,2.3546,4728256
2018/4/23,'600519,????,674.01,680.33,666.01,666.01,670.26,3.75,0.5595,3265920
2018/4/20,'600519,????,670.26,694,668.23,681,679.96,-9.7,-1.4266,4151168
2018/4/19,'600519,????,679.96,680,656.66,659.85,655.64,24.32,3.7094,4420757
2018/4/18,'600519,????,655.64,671,645,671,666.2,-10.56,-1.5851,6261660
2018/4/17,'600519,????,666.2,685.38,665.6,685,681.38,-15.18,-2.2278,3517276
2018/4/16,'600519,????,681.38,686.85,677,680.58,686.86,-5.48,-0.7978,3293967
2018/4/13,'600519,????,686.86,701,685.08,698.5,694.2,-7.34,-1.0573,2754952
2018/4/12,'600519,????,694.2,706.88,692.22,704,705.36,-11.16,-1.5822,3071361
2018/4/11,'600519,????,705.36,714.78,703.02,710,708.02,-2.66,-0.3757,2572318
2018/4/10,'600519,????,708.02,708.5,698.46,704.8,698.3,9.72,1.392,3204325
2018/4/9,'600519,????,698.3,705.43,690.15,697.1,694.01,4.29,0.6181,3083305
2018/4/4,'600519,????,694.01,700.43,680.38,682,677.91,16.1,2.3749,5689131
2018/4/3,'600519,????,677.91,687,675.39,678,680.06,-2.15,-0.3161,4023558
2018/4/2,'600519,????,680.06,691,674.11,680,683.62,-3.56,-0.5208,3203908
2018/3/30,'600519,????,683.62,693.5,679.88,686,689.1,-5.48,-0.7952,3654028
2018/3/29,'600519,????,689.1,697.85,658.41,682.2,682.05,7.05,1.0336,7908196
2018/3/28,'600519,????,682.05,703,669,699.97,714.74,-32.69,-4.5737,11353972
2018/3/27,'600519,????,714.74,725.88,704,723,713.49,1.25,0.1752,4754844
2018/3/26,'600519,????,713.49,715.06,701.88,708,711.06,2.43,0.3417,4625611
2018/3/23,'600519,????,711.06,723.49,700.08,701,726.08,-15.02,-2.0686,5254677
2018/3/22,'600519,????,726.08,748,724.01,744,742,-15.92,-2.1456,3748697
2018/3/21,'600519,????,742,753.11,740,750.11,747.73,-5.73,-0.7663,2674271
2018/3/20,'600519,????,747.73,752,740,750,753.48,-5.75,-0.7631,2887720
2018/3/19,'600519,????,753.48,753.99,739,743.97,739.85,13.63,1.8423,3866658
2018/3/16,'600519,????,739.85,753.98,738.88,747.6,746.47,-6.62,-0.8868,3585552
2018/3/15,'600519,????,746.47,747,728.02,728.02,726.88,19.59,2.6951,5614879
2018/3/14,'600519,????,726.88,728.08,707.22,709.67,710.35,16.53,2.327,3735576
2018/3/13,'600519,????,710.35,726.6,710,723,723.95,-13.6,-1.8786,3857709
2018/3/12,'600519,????,723.95,733.92,722.77,729.55,728.2,-4.25,-0.5836,3988841
2018/3/9,'600519,????,728.2,732.57,723.5,727.55,722.76,5.44,0.7527,3017100
2018/3/8,'600519,????,722.76,724,708,714,710.04,12.72,1.7914,3534930
2018/3/7,'600519,????,710.04,724,708.99,715,718.26,-8.22,-1.1444,3459594
2018/3/6,'600519,????,718.26,727.6,697.13,725,720.11,-1.85,-0.2569,6457036
2018/3/5,'600519,????,720.11,742,717.03,738.18,736.41,-16.3,-2.2134,3723470
2018/3/2,'600519,????,736.41,743.56,730,738,741.97,-5.56,-0.7494,2599190
2018/3/1,'600519,????,741.97,746.85,723.77,728,725.62,16.35,2.2532,4479465
2018/2/28,'600519,????,725.62,742.3,719,732,737.98,-12.36,-1.6748,4833067
2018/2/27,'600519,????,737.98,756,737.22,749,743.51,-5.53,-0.7438,4260154
2018/2/26,'600519,????,743.51,752.05,733.02,746.88,742.48,1.03,0.1387,4365824
2018/2/23,'600519,????,742.48,756.56,737,747,742.45,0.03,0.004,3815877
2018/2/22,'600519,????,742.45,744,723.24,727.3,718.45,24,3.3405,5076469
2018/2/14,'600519,????,718.45,720,712.22,720,711.98,6.47,0.9087,3065260
2018/2/13,'600519,????,711.98,714.82,704.5,705.02,697.48,14.5,2.0789,5338918
2018/2/12,'600519,????,697.48,705.5,685.2,691,683.43,14.05,2.0558,6417955
2018/2/9,'600519,????,683.43,689.89,658,680,700.99,-17.56,-2.505,10557826
2018/2/8,'600519,????,700.99,718,682.2,682.2,683.43,17.56,2.5694,8340943
2018/2/7,'600519,????,683.43,723.88,682.01,720,708.86,-25.43,-3.5875,8828998
2018/2/6,'600519,????,708.86,722.6,703,703,718.23,-9.37,-1.3046,8816871
2018/2/5,'600519,????,718.23,729.96,705.6,727.22,740.4,-22.17,-2.9943,9899585
2018/2/2,'600519,????,740.4,753.23,725,752.22,757.73,-17.33,-2.2871,7542082
2018/2/1,'600519,????,757.73,767.3,752.92,767,764.54,-6.81,-0.8907,5058261
2018/1/31,'600519,????,764.54,771.71,739,739,742.08,22.46,3.0266,6040241
2018/1/30,'600519,????,742.08,748.77,730.02,736,736.32,5.76,0.7823,5191103
2018/1/29,'600519,????,736.32,779.67,735,778.76,777.22,-40.9,-5.2623,7453551
2018/1/26,'600519,????,777.22,777.4,764,767.24,769.16,8.06,1.0479,4397833
2018/1/25,'600519,????,769.16,776,751,761,764.46,4.7,0.6148,5004072
2018/1/24,'600519,????,764.46,776.46,758.6,776.44,773.78,-9.32,-1.2045,4329881
2018/1/23,'600519,????,773.78,780,768.6,777.81,773.64,0.14,0.0181,4954918
2018/1/22,'600519,????,773.64,774,751.81,751.81,750.18,23.46,3.1272,6712675
2018/1/19,'600519,????,750.18,758.9,739.02,752.9,750.74,-0.56,-0.0746,5092556
2018/1/18,'600519,????,750.74,765,744.09,747.93,747.93,2.81,0.3757,5897851
2018/1/17,'600519,????,747.93,774,738.51,770,772.94,-25.01,-3.2357,9070954
2018/1/16,'600519,????,772.94,788.61,768,780.48,785.37,-12.43,-1.5827,6542833
2018/1/15,'600519,????,785.37,799.06,779.02,793.46,788.42,-3.05,-0.3868,5247313
2018/1/12,'600519,????,788.42,788.8,767.02,773.77,774.81,13.61,1.7566,4598824
2018/1/11,'600519,????,774.81,788,772,787,785.71,-10.9,-1.3873,5065607
2018/1/10,'600519,????,785.71,788.88,773.48,785,782.52,3.19,0.4077,4771424
2018/1/9,'600519,????,782.52,783,752.21,752.21,752.13,30.39,4.0405,6459195
2018/1/8,'600519,????,752.13,756.5,735.02,735.02,738.36,13.77,1.8649,5220456
2018/1/5,'600519,????,738.36,746.03,728.22,741,737.07,1.29,0.175,3998907
2018/1/4,'600519,????,737.07,743.5,719.33,721.4,715.86,21.21,2.9629,7220508
2018/1/3,'600519,????,715.86,721.4,699.74,701.5,703.85,12.01,1.7063,5201941
2018/1/2,'600519,????,703.85,710.16,689.89,700,697.49,6.36,0.9118,4961248
2017/12/29,'600519,????,697.49,726.5,691.6,718,718.69,-21.2,-2.9498,7603887
2017/12/28,'600519,????,718.69,719.9,671.32,687,664.18,54.51,8.2071,12414107
2017/12/27,'600519,????,664.18,684.86,662.5,684.86,680.81,-16.63,-2.4427,3772205
2017/12/26,'600519,????,680.81,692.99,676.5,688.18,688.12,-7.31,-1.0623,3186766
2017/12/25,'600519,????,688.12,696.3,683.72,686,682.92,5.2,0.7614,3621428
2017/12/22,'600519,????,682.92,685.9,677.01,680,681.74,1.18,0.1731,2831701
2017/12/21,'600519,????,681.74,687.42,675.5,683,684.91,-3.17,-0.4628,4668038
2017/12/20,'600519,????,684.91,686.86,664.03,669.9,667.09,17.82,2.6713,6360131
2017/12/19,'600519,????,667.09,672.44,661,663,665.77,1.32,0.1983,4407221
2017/12/18,'600519,????,665.77,669.8,658.58,660,653.79,11.98,1.8324,3916228
2017/12/15,'600519,????,653.79,667.95,650.78,664,664.55,-10.76,-1.6191,3225595
2017/12/14,'600519,????,664.55,671.3,660.5,669.98,668.21,-3.66,-0.5477,3196794
2017/12/13,'600519,????,668.21,670,650.72,654.99,651.32,16.89,2.5932,4850248
2017/12/12,'600519,????,651.32,658.77,651.02,658.7,650.99,0.33,0.0507,4788931
2017/12/11,'600519,????,650.99,651.95,631,631,627.28,23.71,3.7798,7284917
2017/12/8,'600519,????,627.28,628.85,615.42,615.42,616.69,10.59,1.7172,4550339
2017/12/7,'600519,????,616.69,624.99,615.26,624.95,625.01,-8.32,-1.3312,5103262
2017/12/6,'600519,????,625.01,644.1,620,631.5,632.96,-7.95,-1.256,5817409
2017/12/5,'600519,????,632.96,647.4,630.13,634,637.79,-4.83,-0.7573,4746576
2017/12/4,'600519,????,637.79,644.1,616.72,623.95,622.35,15.44,2.4809,5426771
2017/12/1,'600519,????,622.35,638.99,620.13,638.01,631,-8.65,-1.3708,4719274
2017/11/30,'600519,????,631,648.48,626,635.51,638.12,-7.12,-1.1158,3801962
2017/11/29,'600519,????,638.12,651.97,634.01,649.94,648.23,-10.11,-1.5596,4676372
2017/11/28,'600519,????,648.23,648.88,624,625.06,621.29,26.94,4.3361,7029183
2017/11/27,'600519,????,621.29,636.33,613.01,634,630.04,-8.75,-1.3888,6354846
2017/11/24,'600519,????,630.04,642.5,622.23,635.9,633.73,-3.69,-0.5823,7654194
2017/11/23,'600519,????,633.73,646,630.22,642,650.52,-16.79,-2.581,10959913
2017/11/22,'600519,????,650.52,688,650,677,677.25,-26.73,-3.9468,12849826
2017/11/21,'600519,????,677.25,688.8,662.02,669,679.15,-1.9,-0.2798,9601651
2017/11/20,'600519,????,679.15,685.6,660,676.8,690.25,-11.1,-1.6081,8830582
2017/11/17,'600519,????,690.25,709,677.77,696,719.11,-28.86,-4.0133,12386124
2017/11/16,'600519,????,719.11,719.96,686.01,686.01,688.08,31.03,4.5097,6071632
2017/11/15,'600519,????,688.08,689.99,674,678.75,678.75,9.33,1.3746,4503633
2017/11/14,'600519,????,678.75,687.22,677.35,687.14,687.88,-9.13,-1.3273,4636671
2017/11/13,'600519,????,687.88,692.78,675.8,680,677.95,9.93,1.4647,4986984
2017/11/10,'600519,????,677.95,683.4,650.43,650.43,650.07,27.88,4.2888,7407860
2017/11/9,'600519,????,650.07,654.15,644.61,648,650.38,-0.31,-0.0477,3364113
2017/11/8,'600519,????,650.38,654.5,642.33,642.33,642.07,8.31,1.2943,4395194
2017/11/7,'600519,????,642.07,657.15,638.18,650.58,653.06,-10.99,-1.6828,5556485
2017/11/6,'600519,????,653.06,657.62,640.2,641.5,639.17,13.89,2.1731,4851398
2017/11/3,'600519,????,639.17,643.44,628.65,628.65,626.92,12.25,1.954,4818897
2017/11/2,'600519,????,626.92,629.78,621,626.95,623.01,3.91,0.6276,3424973
2017/11/1,'600519,????,623.01,631.54,619.22,620.88,618.03,4.98,0.8058,4343525
2017/10/31,'600519,????,618.03,627.6,611.88,622.01,622.08,-4.05,-0.651,5187568
2017/10/30,'600519,????,622.08,644,621,643.05,649.63,-27.55,-4.2409,8100786
2017/10/27,'600519,????,649.63,655,600.03,602.11,605.09,44.54,7.3609,8438379
2017/10/26,'600519,????,605.09,613,591.91,605,565.67,39.42,6.9687,11543497
2017/10/25,'600519,????,565.67,571.68,562.06,569.75,567.33,-1.66,-0.2926,2507600
2017/10/24,'600519,????,567.33,573.8,563.61,572,573.41,-6.08,-1.0603,3127428
2017/10/23,'600519,????,573.41,580.5,568,574.92,574.33,-0.92,-0.1602,2377182
2017/10/20,'600519,????,574.33,581,571.76,581,582.6,-8.27,-1.4195,3153433
2017/10/19,'600519,????,582.6,585.15,560.72,561,560.72,21.88,3.9021,4065882
2017/10/18,'600519,????,560.72,562.59,554.2,554.2,556.73,3.99,0.7167,1917865
2017/10/17,'600519,????,556.73,560.97,554,560.97,560.69,-3.96,-0.7063,2097712
2017/10/16,'600519,????,560.69,566.66,555.87,559.99,556.15,4.54,0.8163,2990901
2017/10/13,'600519,????,556.15,556.6,542.01,545,544.09,12.06,2.2165,2785842
2017/10/12,'600519,????,544.09,547.5,540.18,545,545.54,-1.45,-0.2658,1964622
2017/10/11,'600519,????,545.54,551.25,538.1,538.1,540.06,5.48,1.0147,3340643
2017/10/10,'600519,????,540.06,540.49,527.01,527.05,527.77,12.29,2.3287,3100644
2017/10/9,'600519,????,527.77,535.55,520.1,524.54,517.64,10.13,1.957,3489129
2017/9/29,'600519,????,517.64,525.88,515.5,516,518.46,-0.82,-0.1582,2243622
2017/9/28,'600519,????,518.46,520.2,507.15,507.2,508.21,10.25,2.0169,2596985
2017/9/27,'600519,????,508.21,511.03,506.07,508.92,509.29,-1.08,-0.2121,1667111
2017/9/26,'600519,????,509.29,510,503.6,506.69,507.24,2.05,0.4041,2547049
2017/9/25,'600519,????,507.24,508.2,500.3,500.31,499.93,7.31,1.4622,3269756
2017/9/22,'600519,????,499.93,500.18,495.8,496.9,498.77,1.16,0.2326,1634353
2017/9/21,'600519,????,498.77,500.58,492.88,495.94,496.2,2.57,0.5179,1940268
2017/9/20,'600519,????,496.2,500.02,496,496.9,496.95,-0.75,-0.1509,1731816
2017/9/19,'600519,????,496.95,502.5,496.01,500.3,498.97,-2.02,-0.4048,2305481
2017/9/18,'600519,????,498.97,500.5,490.14,490.14,489.84,9.13,1.8639,4220681
2017/9/15,'600519,????,489.84,492.5,488,492.5,490.71,-0.87,-0.1773,1603946
2017/9/14,'600519,????,490.71,494.03,488.99,492.99,491.63,-0.92,-0.1871,1939949
2017/9/13,'600519,????,491.63,492.2,481.38,485,484.91,6.72,1.3858,3307570
2017/9/12,'600519,????,484.91,486,478.4,479.5,478.32,6.59,1.3777,3434163
2017/9/11,'600519,????,478.32,482.22,469.98,471.09,474.37,3.95,0.8327,4537440
2017/9/8,'600519,????,474.37,480.5,474,478.25,481.27,-6.9,-1.4337,4117327
2017/9/7,'600519,????,481.27,486.9,480.06,485.31,484.98,-3.71,-0.765,3332016
2017/9/6,'600519,????,484.98,492.77,484.84,490,489.99,-5.01,-1.0225,3300650
2017/9/5,'600519,????,489.99,493.99,489.5,492.88,492.42,-2.43,-0.4935,2262215
2017/9/4,'600519,????,492.42,496.66,491.27,495.18,495.18,-2.76,-0.5574,1893162
2017/9/1,'600519,????,495.18,496.28,490.03,490.2,491.15,4.03,0.8205,3145100
2017/8/31,'600519,????,491.15,494.88,489.8,494.04,492.97,-1.82,-0.3692,1873686
2017/8/30,'600519,????,492.97,493.75,489.16,489.7,489.44,3.53,0.7212,1850364
2017/8/29,'600519,????,489.44,494.88,488.01,493.02,492.04,-2.6,-0.5284,2517662
2017/8/28,'600519,????,492.04,497.29,491.03,493,492.99,-0.95,-0.1927,2902107
2017/8/25,'600519,????,492.99,494.25,489.32,493.45,492.81,0.18,0.0365,1729788
2017/8/24,'600519,????,492.81,496.4,492.02,493.99,494.01,-1.2,-0.2429,1815678
2017/8/23,'600519,????,494.01,494.63,484.32,485.45,487.22,6.79,1.3936,2721499
2017/8/22,'600519,????,487.22,489.48,476,487.4,489.73,-2.51,-0.5125,4245703
2017/8/21,'600519,????,489.73,494.4,486.94,488,489.65,0.08,0.0163,2354662
2017/8/18,'600519,????,489.65,494.44,488,492.8,492.69,-3.04,-0.617,2385775
2017/8/17,'600519,????,492.69,497.6,489.8,497.6,496.49,-3.8,-0.7654,2584673
2017/8/16,'600519,????,496.49,498.8,493,498,495.97,0.52,0.1048,1858722
2017/8/15,'600519,????,495.97,501.1,495.01,500.11,499.83,-3.86,-0.7723,2716322
2017/8/14,'600519,????,499.83,500.1,485.21,485.21,484.06,15.77,3.2579,3933147
2017/8/11,'600519,????,484.06,496.55,483.48,489,491.63,-7.57,-1.5398,3657257
2017/8/10,'600519,????,491.63,499.6,489,491.09,490.85,0.78,0.1589,3536438
2017/8/9,'600519,????,490.85,492.98,482.03,484.84,482.58,8.27,1.7137,4179447
2017/8/8,'600519,????,482.58,484.22,479.5,482,481.56,1.02,0.2118,1605158
2017/8/7,'600519,????,481.56,482.4,471.13,472.5,473.64,7.92,1.6722,2309937
2017/8/4,'600519,????,473.64,478.98,472.6,477,477.22,-3.58,-0.7502,1868114
2017/8/3,'600519,????,477.22,486.85,475.63,483.68,482.84,-5.62,-1.1639,3176839
2017/8/2,'600519,????,482.84,484.88,478.51,480.04,480.24,2.6,0.5414,2677422
2017/8/1,'600519,????,480.24,483,477.4,481,481.22,-0.98,-0.2036,2750154
2017/7/31,'600519,????,481.22,487.96,481,484,483.92,-2.7,-0.5579,3841218
2017/7/28,'600519,????,483.92,484.07,467.71,471,473.87,10.05,2.1208,4661877
2017/7/27,'600519,????,473.87,475.85,471.1,471.63,471.63,2.24,0.4749,1959503
2017/7/26,'600519,????,471.63,481.63,466.56,478.05,477.96,-6.33,-1.3244,3147018
2017/7/25,'600519,????,477.96,482.8,476.1,482.2,477.8,0.16,0.0335,2192999
2017/7/24,'600519,????,477.8,485.35,474.88,474.88,473.2,4.6,0.9721,4271643
2017/7/21,'600519,????,473.2,475.01,463.66,466.96,466.47,6.73,1.4428,4679241
2017/7/20,'600519,????,466.47,466.89,455.86,455.86,456.86,9.61,2.1035,4663487
2017/7/19,'600519,????,456.86,463.62,452.8,454,452.55,4.31,0.9524,5625994
2017/7/18,'600519,????,452.55,453.99,448,451.99,450.07,2.48,0.551,3068449
2017/7/17,'600519,????,450.07,458.04,446.28,457.04,456.41,-6.34,-1.3891,3526368
2017/7/14,'600519,????,456.41,458.76,453.05,456.25,456.16,0.25,0.0548,1772657
2017/7/13,'600519,????,456.16,461.91,453.68,455.35,457.47,-1.31,-0.2864,2595135
2017/7/12,'600519,????,457.47,465.99,455,465.8,463.13,-5.66,-1.2221,2895072
2017/7/11,'600519,????,463.13,464.58,454,454.5,454.47,8.66,1.9055,4460182
2017/7/10,'600519,????,454.47,454.9,442.97,446.88,445.97,8.5,1.906,3662409
2017/7/7,'600519,XD???,445.97,451.1,441.2,451.05,449.19,-3.22,-0.7168,3779647
2017/7/6,'600519,????,455.98,460.2,450.6,458.11,460.13,-4.15,-0.9019,4204439
2017/7/5,'600519,????,460.13,460.33,453.01,453.01,451.92,8.21,1.8167,3754032
2017/7/4,'600519,????,451.92,460,449,458.96,460.37,-8.45,-1.8355,5648895
2017/7/3,'600519,????,460.37,474.2,457.9,474.2,471.85,-11.48,-2.433,4962853
2017/6/30,'600519,????,471.85,474.16,467.8,471.51,473.01,-1.16,-0.2452,2242717
2017/6/29,'600519,????,473.01,477.35,470,476.3,475.3,-2.29,-0.4818,3509272
2017/6/28,'600519,????,475.3,484.09,473,484.09,484.1,-8.8,-1.8178,3772874
2017/6/27,'600519,????,484.1,485,480.85,482.82,484.68,-0.58,-0.1197,2798078
2017/6/26,'600519,????,484.68,485,472,473.01,472.73,11.95,2.5279,5293257
2017/6/23,'600519,????,472.73,474.88,468.33,472.86,472.75,-0.02,-0.0042,3130362
2017/6/22,'600519,????,472.75,477.93,471.2,473.02,472.71,0.04,0.0085,3824234
2017/6/21,'600519,????,472.71,473,466.03,469.55,466.3,6.41,1.3747,4203854
2017/6/20,'600519,????,466.3,474.88,465.66,473,470.17,-3.87,-0.8231,3450539
2017/6/19,'600519,????,470.17,470.39,461.96,461.96,462.63,7.54,1.6298,3853668
2017/6/16,'600519,????,462.63,467.49,461.26,461.5,464.3,-1.67,-0.3597,3333180
2017/6/15,'600519,????,464.3,475.48,464,475,474.39,-10.09,-2.1269,5020280
2017/6/14,'600519,????,474.39,477.5,470.48,472.79,473.04,1.35,0.2854,3376863
2017/6/13,'600519,????,473.04,474.5,467,473.05,472.88,0.16,0.0338,2423798
2017/6/12,'600519,????,472.88,475.44,465,467,465.74,7.14,1.533,3510916
2017/6/9,'600519,????,465.74,470.8,463,464.24,464.31,1.43,0.308,3143076
2017/6/8,'600519,????,464.31,464.4,458.5,461.32,459.37,4.94,1.0754,2895111
2017/6/7,'600519,????,459.37,460,449.12,449.12,448.82,10.55,2.3506,3883430
2017/6/6,'600519,????,448.82,449,444.2,444.97,444.41,4.41,0.9923,2040244
2017/6/5,'600519,????,444.41,449,442.35,448.04,447.31,-2.9,-0.6483,1924120
2017/6/2,'600519,????,447.31,450.95,445.6,450,449.28,-1.97,-0.4385,2178526
2017/6/1,'600519,????,449.28,449.95,441.01,442.5,442.94,6.34,1.4313,4060478
2017/5/31,'600519,????,442.94,450.5,440.11,450,451.92,-8.98,-1.9871,4431225
2017/5/26,'600519,????,451.92,455.6,448,450.82,450.6,1.32,0.2929,2738664
2017/5/25,'600519,????,450.6,452.96,447.5,448.71,450.32,0.28,0.0622,2889842
2017/5/24,'600519,????,450.32,456.48,446,452.9,454.2,-3.88,-0.8542,4022618
2017/5/23,'600519,????,454.2,454.47,442.25,442.25,441.78,12.42,2.8114,4845439
2017/5/22,'600519,????,441.78,446.01,436.2,439.04,440.82,0.96,0.2178,3532149
2017/5/19,'600519,????,440.82,441.8,429.57,429.57,429.54,11.28,2.6261,3831083
2017/5/18,'600519,????,429.54,430.7,425.01,425.05,426.6,2.94,0.6892,2430080
2017/5/17,'600519,????,426.6,430.19,424.88,429,430.12,-3.52,-0.8184,2751521
2017/5/16,'600519,????,430.12,431.22,418.26,419.6,419.55,10.57,2.5194,5016490
2017/5/15,'600519,????,419.55,420.35,413.12,413.12,413.47,6.08,1.4705,3344735
2017/5/12,'600519,????,413.47,415.3,410.01,413.59,412.16,1.31,0.3178,2233742
2017/5/11,'600519,????,412.16,414.7,406.51,408.4,410.09,2.07,0.5048,3046764
2017/5/10,'600519,????,410.09,414.44,407.02,408.4,408.76,1.33,0.3254,2603938
2017/5/9,'600519,????,408.76,409.88,398,404.44,405.48,3.28,0.8089,5280192
2017/5/8,'600519,????,405.48,417,404.72,416.18,416.19,-10.71,-2.5733,4072165
2017/5/5,'600519,????,416.19,422.78,415.1,416.2,416,0.19,0.0457,3743711
2017/5/4,'600519,????,416,418.48,414.63,414.63,417.61,-1.61,-0.3855,2670915
2017/5/3,'600519,????,417.61,417.66,411,411,412.08,5.53,1.342,2026791
2017/5/2,'600519,????,412.08,415,409.18,411.6,413.48,-1.4,-0.3386,2329168
2017/4/28,'600519,????,413.48,423,409.9,421.99,421.44,-7.96,-1.8888,4950587
2017/4/27,'600519,????,421.44,421.97,410.43,415.53,417.96,3.48,0.8326,2824071
2017/4/26,'600519,????,417.96,428.68,413.01,418.85,418.89,-0.93,-0.222,5662412
2017/4/25,'600519,????,418.89,420.17,404.8,404.8,398.55,20.34,5.1035,7619271
2017/4/24,'600519,????,398.55,405,389,400.62,400.53,-1.98,-0.4943,5003797
2017/4/21,'600519,????,400.53,415.6,400,415,415.31,-14.78,-3.5588,4933292
2017/4/20,'600519,????,415.31,420.43,406.09,406.09,405.74,9.57,2.3587,5045768
2017/4/19,'600519,????,405.74,409.1,402.86,403,404.65,1.09,0.2694,3755011
2017/4/18,'600519,????,404.65,406.55,394.6,394.6,395.79,8.86,2.2386,4958100
2017/4/17,'600519,????,395.79,398.28,388.55,391,395.45,0.34,0.086,2879371
2017/4/14,'600519,????,395.45,399.88,395,399.43,398.39,-2.94,-0.738,2364656
2017/4/13,'600519,????,398.39,398.59,390.51,390.78,390.23,8.16,2.0911,4564835
2017/4/12,'600519,????,390.23,391,384.8,385.29,385.29,4.94,1.2822,2700291
2017/4/11,'600519,????,385.29,390.7,380.6,388.05,389.2,-3.91,-1.0046,4353072
2017/4/10,'600519,????,389.2,394,388,394,392.87,-3.67,-0.9342,2886948
2017/4/7,'600519,????,392.87,394,389.6,392.99,391.91,0.96,0.245,2409723
2017/4/6,'600519,????,391.91,393,386.63,389.01,389.66,2.25,0.5774,2885720
2017/4/5,'600519,????,389.66,394.99,385,385.66,386.36,3.3,0.8541,4078998
2017/3/31,'600519,????,386.36,388,384.18,386.2,386.14,0.22,0.057,2447422
2017/3/30,'600519,????,386.14,386.89,382.6,383,383.65,2.49,0.649,3161299
2017/3/29,'600519,????,383.65,385.8,379.9,381.01,380.26,3.39,0.8915,3729967
2017/3/28,'600519,????,380.26,381.15,376.66,379.95,378.82,1.44,0.3801,4118717
2017/3/27,'600519,????,378.82,389.26,378.39,386.03,386.82,-8,-2.0681,5369028
2017/3/24,'600519,????,386.82,393.22,385,392.32,389.79,-2.97,-0.7619,3328772
2017/3/23,'600519,????,389.79,393.99,386.6,392.03,394.48,-4.69,-1.1889,3450481
2017/3/22,'600519,????,394.48,394.6,385,390.53,394.01,0.47,0.1193,4553271
2017/3/21,'600519,????,394.01,396.5,386.5,386.55,386.41,7.6,1.9668,4846096
2017/3/20,'600519,????,386.41,386.71,378.88,380.5,378.48,7.93,2.0952,3154594
2017/3/17,'600519,????,378.48,384.45,373.1,373.1,374.77,3.71,0.9899,3470026
2017/3/16,'600519,????,374.77,378.3,372.8,376.56,374.68,0.09,0.024,2502260
2017/3/15,'600519,????,374.68,375.15,369.01,369.5,369.5,5.18,1.4019,2515526
2017/3/14,'600519,????,369.5,373.85,368.34,371.55,371.55,-2.05,-0.5517,2041649
2017/3/13,'600519,????,371.55,374.33,367.53,370.05,369.85,1.7,0.4596,2767432
2017/3/10,'600519,????,369.85,377,368.36,369.92,369.9,-0.05,-0.0135,4095105
2017/3/9,'600519,????,369.9,369.98,365.56,367,367.28,2.62,0.7134,2340606
2017/3/8,'600519,????,367.28,368.49,365.5,367.18,367.2,0.08,0.0218,1603770
2017/3/7,'600519,????,367.2,368.88,358.03,358.03,358.96,8.24,2.2955,4628698
2017/3/6,'600519,????,358.96,359.54,356.55,357.66,356.54,2.42,0.6787,2281884
2017/3/3,'600519,????,356.54,358.22,355,355,356.82,-0.28,-0.0785,1415355
2017/3/2,'600519,????,356.82,357,354.53,356.71,356.61,0.21,0.0589,2210362
2017/3/1,'600519,????,356.61,358.2,355,355.1,354.66,1.95,0.5498,2194420
2017/2/28,'600519,????,354.66,359.2,353.58,357,357.2,-2.54,-0.7111,2747351
2017/2/27,'600519,????,357.2,362.85,356.8,362.49,362.62,-5.42,-1.4947,2540046
2017/2/24,'600519,????,362.62,362.89,360.05,362,361.7,0.92,0.2544,1769278
2017/2/23,'600519,????,361.7,365.48,359.76,360.97,361.89,-0.19,-0.0525,2332806
2017/2/22,'600519,????,361.89,366.52,360,360.61,358.74,3.15,0.8781,3713031
2017/2/21,'600519,????,358.74,362.43,357.18,361.88,361.29,-2.55,-0.7058,2770577
2017/2/20,'600519,????,361.29,362.32,350.01,350.41,350.56,10.73,3.0608,6185340
2017/2/17,'600519,????,350.56,354.44,347.5,348.9,348.09,2.47,0.7096,2910234
2017/2/16,'600519,????,348.09,348.62,345.51,348.5,348.53,-0.44,-0.1262,1764230
2017/2/15,'600519,????,348.53,352.44,347.2,351.5,350.21,-1.68,-0.4797,2625696
2017/2/14,'600519,????,350.21,352.6,349.1,349.54,349.75,0.46,0.1315,2655868
2017/2/13,'600519,????,349.75,351.9,341.92,344,345.08,4.67,1.3533,5358790
2017/2/10,'600519,????,345.08,349.82,345,348.62,347.61,-2.53,-0.7278,2405659
2017/2/9,'600519,????,347.61,348.79,344.61,345,344.21,3.4,0.9878,2332438
2017/2/8,'600519,????,344.21,345.5,342.67,343.76,343.58,0.63,0.1834,1908854
2017/2/7,'600519,????,343.58,347.4,343.14,346.84,346.85,-3.27,-0.9428,2051983
2017/2/6,'600519,????,346.85,348.89,344.96,348.49,346.85,0,0,1568079
2017/2/3,'600519,????,346.85,349.18,345,346,344.42,2.43,0.7055,2093643
2017/1/26,'600519,????,344.42,348.8,341.3,348.14,347.63,-3.21,-0.9234,3782617
2017/1/25,'600519,????,347.63,349.98,346.2,349.98,350.31,-2.68,-0.765,2299036
2017/1/24,'600519,????,350.31,352.8,346.75,351.27,351.22,-0.91,-0.2591,2691458
2017/1/23,'600519,????,351.22,359.8,349.46,356.88,354.99,-3.77,-1.062,3258118
2017/1/20,'600519,????,354.99,357.4,353.03,354.9,354.72,0.27,0.0761,2134417
2017/1/19,'600519,????,354.72,358.48,351.7,355,355.08,-0.36,-0.1014,2852392
2017/1/18,'600519,????,355.08,356.77,347.21,348.88,349.13,5.95,1.7042,4600570
2017/1/17,'600519,????,349.13,351.5,342,342.6,341.47,7.66,2.2432,3518838
2017/1/16,'600519,????,341.47,344.8,338.8,344.13,344.87,-3.4,-0.9859,3685545
2017/1/13,'600519,????,344.87,347.39,343.88,346.98,347.05,-2.18,-0.6282,1828248
2017/1/12,'600519,????,347.05,347.4,344.51,346.55,345.45,1.6,0.4632,1777940
2017/1/11,'600519,????,345.45,348,343.5,348,349,-3.55,-1.0172,2359851
2017/1/10,'600519,????,349,352,346.6,348.45,348.51,0.49,0.1406,3172764
2017/1/9,'600519,????,348.51,352.88,346.54,347.8,350.76,-2.25,-0.6415,3540500
2017/1/6,'600519,????,350.76,359.78,346.1,346.64,346.74,4.02,1.1594,6809562
2017/1/5,'600519,????,346.74,351.45,345.44,350,351.91,-5.17,-1.4691,4170448
2017/1/4,'600519,????,351.91,352.17,334.6,334.62,334.56,17.35,5.1859,6525738
2017/1/3,'600519,????,334.56,337,332.81,334.28,334.15,0.41,0.1227,2076389
2016/12/30,'600519,????,334.15,335.29,326.61,326.61,327.31,6.84,2.0898,3468767
2016/12/29,'600519,????,327.31,327.87,323,324,323.72,3.59,1.109,2122512
2016/12/28,'600519,????,323.72,328,323.33,326.99,326.16,-2.44,-0.7481,1787811
2016/12/27,'600519,????,326.16,328.8,323.5,324.51,324.48,1.68,0.5178,2006229
2016/12/26,'600519,????,324.48,324.99,316.2,319.03,320.03,4.45,1.3905,2600143
2016/12/23,'600519,????,320.03,324.5,319.13,323.55,325.2,-5.17,-1.5898,3109555
2016/12/22,'600519,????,325.2,328.46,324.88,328,328.66,-3.46,-1.0528,1467813
2016/12/21,'600519,????,328.66,329.29,323.56,326.9,326.48,2.18,0.6677,2471124
2016/12/20,'600519,????,326.48,327,321.81,326.04,325.96,0.52,0.1595,3083159
2016/12/19,'600519,????,325.96,334.37,325.61,326,327.58,-1.62,-0.4945,3047187
2016/12/16,'600519,????,327.58,329.88,323.58,327,328.05,-0.47,-0.1433,2505126
2016/12/15,'600519,????,328.05,332.99,325.58,332.46,332.27,-4.22,-1.2701,3920275
2016/12/14,'600519,????,332.27,334.07,328.5,333,333.01,-0.74,-0.2222,3202902
2016/12/13,'600519,????,333.01,335,325.5,326.84,326.86,6.15,1.8815,4178000
2016/12/12,'600519,????,326.86,340,325.7,337.7,337.76,-10.9,-3.2271,5033244
2016/12/9,'600519,????,337.76,339.42,334.02,337.2,337.71,0.05,0.0148,3449559
2016/12/8,'600519,????,337.71,340,327,328.01,327.45,10.26,3.1333,5447578
2016/12/7,'600519,????,327.45,328.5,323.97,327.12,326.42,1.03,0.3155,2527174
2016/12/6,'600519,????,326.42,326.58,316.23,316.23,315.93,10.49,3.3204,3892309
2016/12/5,'600519,????,315.93,324.54,315.82,319.2,321.77,-5.84,-1.815,4206081
2016/12/2,'600519,????,321.77,323.2,319,321,321.02,0.75,0.2336,3062833
2016/12/1,'600519,????,321.02,324.59,318.68,320,319.08,1.94,0.608,2794182
2016/11/30,'600519,????,319.08,323.3,318.45,321.22,323.96,-4.88,-1.5064,2675237
2016/11/29,'600519,????,323.96,330.45,319.41,320.7,319.5,4.46,1.3959,5883062
2016/11/28,'600519,????,319.5,320.18,316.6,317.55,316.89,2.61,0.8236,4925301
2016/11/25,'600519,????,316.89,318,313.42,317.04,316.93,-0.04,-0.0126,2236967
2016/11/24,'600519,????,316.93,317,311.42,313.2,312.95,3.98,1.2718,3907870
2016/11/23,'600519,????,312.95,313,309.11,311,308.87,4.08,1.3209,3401504
2016/11/22,'600519,????,308.87,310.45,308.37,310.3,309.5,-0.63,-0.2036,2642427
2016/11/21,'600519,????,309.5,311.66,308.37,311.02,310,-0.5,-0.1613,2608384
2016/11/18,'600519,????,310,311.8,309.88,311.16,311.04,-1.04,-0.3344,1937769
2016/11/17,'600519,????,311.04,313,310.53,312.08,313.15,-2.11,-0.6738,1833776
2016/11/16,'600519,????,313.15,315.4,312,313.81,314.01,-0.86,-0.2739,1339981
2016/11/15,'600519,????,314.01,315.65,310.03,310.03,310.99,3.02,0.9711,2447055
2016/11/14,'600519,????,310.99,315.87,309.99,315.55,315.08,-4.09,-1.2981,3992049
2016/11/11,'600519,????,315.08,318.3,314.8,317.99,319.13,-4.05,-1.2691,3590265
2016/11/10,'600519,????,319.13,321,317.73,319.1,316.81,2.32,0.7323,1780496
2016/11/9,'600519,????,316.81,321.97,313.8,320,320,-3.19,-0.9969,3000449
2016/11/8,'600519,????,320,322.18,315.68,316.5,315.33,4.67,1.481,3419383
2016/11/7,'600519,????,315.33,317,313.2,315,314.82,0.51,0.162,1604780
2016/11/4,'600519,????,314.82,318.25,313.98,315.99,315.86,-1.04,-0.3293,2061927
2016/11/3,'600519,????,315.86,316.46,314.15,315,315.18,0.68,0.2157,1869081
2016/11/2,'600519,????,315.18,317.16,313.68,316.09,316.68,-1.5,-0.4737,2063642
2016/11/1,'600519,????,316.68,319,315.55,317.95,317.95,-1.27,-0.3994,1951239
2016/10/31,'600519,????,317.95,322.8,316.8,319,317.05,0.9,0.2839,4359610
2016/10/28,'600519,????,317.05,318.43,314,317.5,316.87,0.18,0.0568,2013733
2016/10/27,'600519,????,316.87,318.22,311.01,312.99,313.68,3.19,1.017,3295162
2016/10/26,'600519,????,313.68,318.31,311.65,313,312.94,0.74,0.2365,4681307
2016/10/25,'600519,????,312.94,313,307.39,307.39,306.93,6.01,1.9581,4376239
2016/10/24,'600519,????,306.93,307,302.6,302.6,304.19,2.74,0.9008,2624652
2016/10/21,'600519,????,304.19,305.48,302.59,305.08,305.48,-1.29,-0.4223,1148332
2016/10/20,'600519,????,305.48,307.39,304.8,307.39,306.45,-0.97,-0.3165,1407992
2016/10/19,'600519,????,306.45,308.75,305.1,308.5,307.16,-0.71,-0.2311,1412328
2016/10/18,'600519,????,307.16,308.5,302,302.5,302.45,4.71,1.5573,3038931
2016/10/17,'600519,????,302.45,305.5,301.5,305.45,305.6,-3.15,-1.0308,1895703
2016/10/14,'600519,????,305.6,306,303.2,303.47,303.89,1.71,0.5627,1269092
2016/10/13,'600519,????,303.89,306.94,303.51,306.8,305.82,-1.93,-0.6311,1614398
2016/10/12,'600519,????,305.82,308.5,304.9,308.5,308.92,-3.1,-1.0035,1928602
2016/10/11,'600519,????,308.92,309,303,304,302.96,5.96,1.9673,4173675
2016/10/10,'600519,????,302.96,303.86,298.51,298.51,297.91,5.05,1.6951,2110362
2016/9/30,'600519,????,297.91,299.63,290,290,290.98,6.93,2.3816,2960350
2016/9/29,'600519,????,290.98,293,287.85,287.85,288.41,2.57,0.8911,2370569
2016/9/28,'600519,????,288.41,291.79,287.56,291.79,291.17,-2.76,-0.9479,2236001
2016/9/27,'600519,????,291.17,291.98,288.76,288.88,288.73,2.44,0.8451,1791582
2016/9/26,'600519,????,288.73,297.01,288.55,297,297.68,-8.95,-3.0066,3717608
2016/9/23,'600519,????,297.68,298.95,295.4,297.02,296.98,0.7,0.2357,1267190
2016/9/22,'600519,????,296.98,299.98,294.01,294.3,294.05,2.93,0.9964,2960617
2016/9/21,'600519,????,294.05,295.39,289.11,295.06,294.96,-0.91,-0.3085,3903723
2016/9/20,'600519,????,294.96,300.8,294,300.78,300.13,-5.17,-1.7226,3489260
2016/9/19,'600519,????,300.13,301.57,299.88,300.05,299.57,0.56,0.1869,1285210
2016/9/14,'600519,????,299.57,302.2,298.01,300.1,300.43,-0.86,-0.2863,1852765
2016/9/13,'600519,????,300.43,300.97,299.3,299.95,298.06,2.37,0.7951,1625588
2016/9/12,'600519,????,298.06,304,297.77,302,304.63,-6.57,-2.1567,3823881
2016/9/9,'600519,????,304.63,306.86,304,306.65,305.82,-1.19,-0.3891,1622251
2016/9/8,'600519,????,305.82,306.5,304.41,305.21,306.6,-0.78,-0.2544,1670578
2016/9/7,'600519,????,306.6,309.68,305.5,309.68,309.94,-3.34,-1.0776,2964515
2016/9/6,'600519,????,309.94,310.36,308.35,308.5,308.5,1.44,0.4668,2062583
2016/9/5,'600519,????,308.5,309,305.81,306.2,305.78,2.72,0.8895,1913870
2016/9/2,'600519,????,305.78,309.45,304.88,308,308.71,-2.93,-0.9491,1857224
2016/9/1,'600519,????,308.71,312,308.25,309.7,310.19,-1.48,-0.4771,1718597
2016/8/31,'600519,????,310.19,310.76,305.54,306.7,305.86,4.33,1.4157,4040144
2016/8/30,'600519,????,305.86,308.5,304.67,307,307.53,-1.67,-0.543,2117052
2016/8/29,'600519,????,307.53,308.8,305.2,308,301.45,6.08,2.0169,3805557
2016/8/26,'600519,????,301.45,304.55,300.4,303.14,303.01,-1.56,-0.5148,2143645
2016/8/25,'600519,????,303.01,305.38,300.07,305.2,305.28,-2.27,-0.7436,2536258
2016/8/24,'600519,????,305.28,307.49,303.83,307.02,306.88,-1.6,-0.5214,2277942
2016/8/23,'600519,????,306.88,309.04,305.8,307.33,307.32,-0.44,-0.1432,1991426
2016/8/22,'600519,????,307.32,309.58,306,306.13,306.48,0.84,0.2741,2081270
2016/8/19,'600519,????,306.48,307.45,304.8,305.8,306.43,0.05,0.0163,1914091
2016/8/18,'600519,????,306.43,309.65,305.13,307.95,308.16,-1.73,-0.5614,3100599
2016/8/17,'600519,????,308.16,310.97,306.5,309.6,309.52,-1.36,-0.4394,4375406
2016/8/16,'600519,????,309.52,322.48,308,322,318.78,-9.26,-2.9048,8837869
2016/8/15,'600519,????,318.78,321.69,314.15,315.8,316.97,1.81,0.571,3411013
2016/8/12,'600519,????,316.97,317.4,314.01,317.4,316.77,0.2,0.0631,2335283
2016/8/11,'600519,????,316.77,321.57,314.01,314.38,313.81,2.96,0.9432,3193972
2016/8/10,'600519,????,313.81,316.5,313.33,315.05,315.75,-1.94,-0.6144,2094471
2016/8/9,'600519,????,315.75,317.67,306.42,308.17,308.1,7.65,2.483,3928967
2016/8/8,'600519,????,308.1,308.3,303.06,306.15,305.93,2.17,0.7093,2200740
2016/8/5,'600519,????,305.93,308.37,305.03,306.49,306.3,-0.37,-0.1208,2030848
2016/8/4,'600519,????,306.3,308.33,304.22,306.85,306.82,-0.52,-0.1695,2179364
2016/8/3,'600519,????,306.82,307.9,304.15,307,306.21,0.61,0.1992,2403907
2016/8/2,'600519,????,306.21,310.5,302.85,307.25,306.96,-0.75,-0.2443,2654142
2016/8/1,'600519,????,306.96,313.95,305,313,313.15,-6.19,-1.9767,3170185
2016/7/29,'600519,????,313.15,318.88,313,315.08,316.05,-2.9,-0.9176,2900737
2016/7/28,'600519,????,316.05,319.3,311.5,312,314.01,2.04,0.6497,3964399
2016/7/27,'600519,????,314.01,320.6,308.3,319.85,319.04,-5.03,-1.5766,3922806
2016/7/26,'600519,????,319.04,319.5,308.5,309.01,311.26,7.78,2.4995,3555567
2016/7/25,'600519,????,311.26,314.19,307,307.6,307.92,3.34,1.0847,2362353
2016/7/22,'600519,????,307.92,315.2,307.38,312.9,314.38,-6.46,-2.0548,2887145
2016/7/21,'600519,????,314.38,317.6,309,310.15,308.56,5.82,1.8862,3300949
2016/7/20,'600519,????,308.56,310.87,307.5,308.62,308.11,0.45,0.1461,1773384
2016/7/19,'600519,????,308.11,316.3,305.55,315.5,316.21,-8.1,-2.5616,4143166
2016/7/18,'600519,????,316.21,319.5,315.66,317.5,317.52,-1.31,-0.4126,2335289
2016/7/15,'600519,????,317.52,318.03,315.06,317.12,317.09,0.43,0.1356,2681101
2016/7/14,'600519,????,317.09,320.8,315.2,316.09,317.19,-0.1,-0.0315,2923085
2016/7/13,'600519,????,317.19,324.73,315.05,323.03,324.73,-7.54,-2.3219,5344828
2016/7/12,'600519,????,324.73,326.6,315,315.76,315.14,9.59,3.0431,5311945
2016/7/11,'600519,????,315.14,324,309.03,309.03,309.91,5.23,1.6876,5748167
2016/7/8,'600519,????,309.91,315.5,306.16,313.53,316.91,-7,-2.2088,4554563
2016/7/7,'600519,????,316.91,326.8,312.08,315.8,317.19,-0.28,-0.0883,5072520
2016/7/6,'600519,????,317.19,318,299.01,299.8,300.58,16.61,5.526,4734770
2016/7/5,'600519,????,300.58,303.1,295.03,295.03,293.9,6.68,2.2729,4170773
2016/7/4,'600519,????,293.9,295.4,286,287,286.17,7.73,2.7012,2948864
2016/7/1,'600519,XD???,286.17,291.88,284,287.2,285.75,0.42,0.147,2601495
2016/6/30,'600519,????,291.92,298.2,290.02,290.02,288.18,3.74,1.2978,3802240
2016/6/29,'600519,????,288.18,289.45,284.2,287.55,288.21,-0.03,-0.0104,2814760
2016/6/28,'600519,????,288.21,289.66,286.32,287.02,287.68,0.53,0.1842,2428223
2016/6/27,'600519,????,287.68,292.3,275,275,273.77,13.91,5.0809,6364269
2016/6/24,'600519,????,273.77,277,267.2,275.28,276.44,-2.67,-0.9659,2012951
2016/6/23,'600519,????,276.44,279.97,274.88,279.97,278.44,-2,-0.7183,1398451
2016/6/22,'600519,????,278.44,279.36,272.77,273.77,273.81,4.63,1.691,2088448
2016/6/21,'600519,????,273.81,277.94,273,277.04,276.11,-2.3,-0.833,1674933
2016/6/20,'600519,????,276.11,279.86,274,279.77,278.26,-2.15,-0.7727,1901926
2016/6/17,'600519,????,278.26,282.49,273.6,273.6,274.02,4.24,1.5473,2470518
2016/6/16,'600519,????,274.02,277.8,273.78,274.86,276.49,-2.47,-0.8933,1964357
2016/6/15,'600519,????,276.49,277.8,270.21,270.71,272.75,3.74,1.3712,2732201
2016/6/14,'600519,????,272.75,273.8,267.71,267.71,267.06,5.69,2.1306,2558729
2016/6/13,'600519,????,267.06,276.66,266.25,273.35,274.28,-7.22,-2.6323,3777506
2016/6/8,'600519,????,274.28,277.86,273.5,276.4,277.85,-3.57,-1.2849,2388209
2016/6/7,'600519,????,277.85,278.49,275.01,276.5,276.05,1.8,0.6521,1875353
2016/6/6,'600519,????,276.05,283,275,282,283.89,-7.84,-2.7616,3726166
2016/6/3,'600519,????,283.89,286.74,266.4,267,267.74,16.15,6.032,6479813
2016/6/2,'600519,????,267.74,268.68,263.01,263.01,263.79,3.95,1.4974,2476076
2016/6/1,'600519,????,263.79,265.5,263,265.4,264.47,-0.68,-0.2571,2187669
2016/5/31,'600519,????,264.47,266.62,255.2,256,256.13,8.34,3.2562,5394965
2016/5/30,'600519,????,256.13,256.5,250,251.5,252.44,3.69,1.4617,2980692
2016/5/27,'600519,????,252.44,254.69,251.38,252.72,252.71,-0.27,-0.1068,1323044
2016/5/26,'600519,????,252.71,253.8,249.2,251.99,251.86,0.85,0.3375,1812026
2016/5/25,'600519,????,251.86,254.94,251.01,254.48,251.94,-0.08,-0.0318,1778534
2016/5/24,'600519,????,251.94,255.21,250.1,254.41,254.2,-2.26,-0.8891,1167440
2016/5/23,'600519,????,254.2,254.99,249.72,249.72,251.26,2.94,1.1701,1870618
2016/5/20,'600519,????,251.26,252.18,244.32,246.84,245.77,5.49,2.2338,2550157
2016/5/19,'600519,????,245.77,248.5,244.5,245.16,244.44,1.33,0.5441,2088943
2016/5/18,'600519,????,244.44,251.85,243.1,249.08,250.03,-5.59,-2.2357,2838034
2016/5/17,'600519,????,250.03,252.4,249.83,251.01,251.63,-1.6,-0.6359,1178569
2016/5/16,'600519,????,251.63,251.8,247.3,250.86,250.96,0.67,0.267,2220273
2016/5/13,'600519,????,250.96,258.9,250.5,255.98,255.96,-5,-1.9534,2814561
2016/5/12,'600519,????,255.96,256.56,252,254.02,256.87,-0.91,-0.3543,1889411
2016/5/11,'600519,????,256.87,260.48,252.35,252.35,252.08,4.79,1.9002,4927713
2016/5/10,'600519,????,252.08,254,249.11,249.5,250.82,1.26,0.5024,3350589
2016/5/9,'600519,????,250.82,252.8,249.01,250.13,252.22,-1.4,-0.5551,2779918
2016/5/6,'600519,????,252.22,258.52,251.12,257.31,257.77,-5.55,-2.1531,2717369
2016/5/5,'600519,????,257.77,258.15,255.5,256.5,256.21,1.56,0.6089,1351789
2016/5/4,'600519,????,256.21,262.39,255.99,260,260,-3.79,-1.4577,2863626
2016/5/3,'600519,????,260,262.28,250.55,250.55,251.2,8.8,3.5032,5647486
2016/4/29,'600519,????,251.2,252.43,247.39,247.39,246.44,4.76,1.9315,4607949
2016/4/28,'600519,????,246.44,246.74,244,245.83,244.88,1.56,0.637,1715655
2016/4/27,'600519,????,244.88,245.48,243.49,244.5,243.86,1.02,0.4183,1391510
2016/4/26,'600519,????,243.86,246.88,243,244.95,244.52,-0.66,-0.2699,1515668
2016/4/25,'600519,????,244.52,248.1,243.3,247.12,247.4,-2.88,-1.1641,2499028
2016/4/22,'600519,????,247.4,247.88,240.37,241,240.37,7.03,2.9247,3545938
2016/4/21,'600519,????,240.37,242.3,238.3,240.5,238.44,1.93,0.8094,2967222
2016/4/20,'600519,????,238.44,244.4,235.8,243.19,243.18,-4.74,-1.9492,3370850
2016/4/19,'600519,????,243.18,245.19,241.45,244.59,243.68,-0.5,-0.2052,1423668
2016/4/18,'600519,????,243.68,246,242.5,242.8,244.9,-1.22,-0.4982,1859304
2016/4/15,'600519,????,244.9,244.98,241.2,242.64,242.76,2.14,0.8815,1902926
2016/4/14,'600519,????,242.76,244.83,241,242.38,242.24,0.52,0.2147,2866437
2016/4/13,'600519,????,242.24,248.63,241.7,245.4,244.92,-2.68,-1.0942,5427425
2016/4/12,'600519,????,244.92,245,242.1,243.7,243.72,1.2,0.4924,2333909
2016/4/11,'600519,????,243.72,255.18,243.5,250.5,249.86,-6.14,-2.4574,11928468
2016/4/8,'600519,????,249.86,255.89,248.2,252,254.11,-4.25,-1.6725,2315602
2016/4/7,'600519,????,254.11,257.48,252.62,256.89,257.21,-3.1,-1.2052,2553639
2016/4/6,'600519,????,257.21,257.6,245.8,245.8,245.52,11.69,4.7613,4842492
2016/4/5,'600519,????,245.52,247.5,243,243,245.09,0.43,0.1754,2504785
2016/4/1,'600519,????,245.09,250.49,244.54,248.95,247.64,-2.55,-1.0297,2514607
2016/3/31,'600519,????,247.64,250.3,246.99,249.84,248.66,-1.02,-0.4102,1945734
2016/3/30,'600519,????,248.66,250.4,245.48,249,248.11,0.55,0.2217,2778260
2016/3/29,'600519,????,248.11,251,244.44,249.6,249.58,-1.47,-0.589,3668805
2016/3/28,'600519,????,249.58,253.38,244.98,244.98,244.98,4.6,1.8777,4833765
2016/3/25,'600519,????,244.98,249.79,241.02,242.5,242.66,2.32,0.9561,4475616
2016/3/24,'600519,????,242.66,245.4,231.3,235,234.97,7.69,3.2728,6206802
2016/3/23,'600519,????,234.97,237,232.68,235.2,234.49,0.48,0.2047,2141206
2016/3/22,'600519,????,234.49,238.18,231.5,232.26,231.98,2.51,1.082,4176661
2016/3/21,'600519,????,231.98,232.02,226.65,226.66,226,5.98,2.646,3854745
2016/3/18,'600519,????,226,232.26,225.78,232,229.56,-3.56,-1.5508,7056894
2016/3/17,'600519,????,229.56,234.1,228.3,230,228.61,0.95,0.4156,2882095
2016/3/16,'600519,????,228.61,232.5,225,230.22,231.92,-3.31,-1.4272,2425097
2016/3/15,'600519,????,231.92,234.39,224.34,224.8,224.57,7.35,3.2729,3635633
2016/3/14,'600519,????,224.57,233.5,222.2,230.76,228.05,-3.48,-1.526,4527783
2016/3/11,'600519,????,228.05,231.88,225.5,226.54,228.06,-0.01,-0.0044,1632008
2016/3/10,'600519,????,228.06,233.7,228,228.99,227.44,0.62,0.2726,2572746
2016/3/9,'600519,????,227.44,232.65,226.1,227,229.21,-1.77,-0.7722,1640260
2016/3/8,'600519,????,229.21,233.3,227,233.3,233.64,-4.43,-1.8961,2614722
2016/3/7,'600519,????,233.64,240,231.05,238.11,238.78,-5.14,-2.1526,3934555
2016/3/4,'600519,????,238.78,240.16,225.01,226.88,227.81,10.97,4.8154,8583869
2016/3/3,'600519,????,227.81,231.98,221.66,225,224.22,3.59,1.6011,4019328
2016/3/2,'600519,????,224.22,225.5,218.67,219,218.42,5.8,2.6554,4794266
2016/3/1,'600519,????,218.42,220.3,210.4,215.96,214.91,3.51,1.6332,3400459
2016/2/29,'600519,????,214.91,220.88,206.8,218.99,216.84,-1.93,-0.8901,4771246
2016/2/26,'600519,????,216.84,219.25,211.26,213.1,212.41,4.43,2.0856,2833271
2016/2/25,'600519,????,212.41,220.48,212.13,218.8,217.74,-5.33,-2.4479,3948065
2016/2/24,'600519,????,217.74,218.03,211.01,212.2,212.41,5.33,2.5093,3312902
2016/2/23,'600519,????,212.41,214.98,207.02,207.77,207.8,4.61,2.2185,3746089
2016/2/22,'600519,????,207.8,208.32,206,206,203.11,4.69,2.3091,2775986
2016/2/19,'600519,????,203.11,203.18,201.13,201.62,201.71,1.4,0.6941,1423846
2016/2/18,'600519,????,201.71,203.6,201.1,203.2,202.3,-0.59,-0.2916,1889256
2016/2/17,'600519,????,202.3,204.92,200.51,203.74,203.92,-1.62,-0.7944,2034911
2016/2/16,'600519,????,203.92,208,200.56,200.56,200.41,3.51,1.7514,1922316
2016/2/15,'600519,????,200.41,203,199.6,200,203.87,-3.46,-1.6972,1947018
2016/2/5,'600519,????,203.87,205.18,202.53,204.99,204.99,-1.12,-0.5464,1422767
2016/2/4,'600519,????,204.99,205.88,203.54,204.8,203.66,1.33,0.653,1662475
2016/2/3,'600519,????,203.66,204.56,201.5,202.58,204.55,-0.89,-0.4351,1515699
2016/2/2,'600519,????,204.55,204.8,200.64,202,201.29,3.26,1.6196,1784208
2016/2/1,'600519,????,201.29,202.8,199.89,202.1,200.65,0.64,0.319,1917802
2016/1/29,'600519,????,200.65,202.5,197,197.48,196.64,4.01,2.0393,2309024
2016/1/28,'600519,????,196.64,199.75,195.62,199.75,199.93,-3.29,-1.6456,1790300
2016/1/27,'600519,????,199.93,200.89,195.7,199.98,199.01,0.92,0.4623,2984041
2016/1/26,'600519,????,199.01,204.47,198.5,200.99,202.77,-3.76,-1.8543,2228092
2016/1/25,'600519,????,202.77,203.49,201.5,203,202.74,0.03,0.0148,1375045
2016/1/22,'600519,????,202.74,203.4,198.81,203.11,200.26,2.48,1.2384,2273348
2016/1/21,'600519,????,200.26,204.59,199.9,201.26,202.32,-2.06,-1.0182,2183229
2016/1/20,'600519,????,202.32,210.16,201.01,207,210.24,-7.92,-3.7671,4096866
2016/1/19,'600519,????,210.24,210.33,200.01,201,199.43,10.81,5.4204,5911022
2016/1/18,'600519,????,199.43,202.4,197.2,198,199,0.43,0.2161,2737123
2016/1/15,'600519,????,199,206.18,198,204.75,204.82,-5.82,-2.8415,2668119
2016/1/14,'600519,????,204.82,205.98,195.51,197.11,199.78,5.04,2.5228,3477606
2016/1/13,'600519,????,199.78,206,198.6,199.1,196.79,2.99,1.5194,2920198
2016/1/12,'600519,????,196.79,202.1,196,201.1,199.86,-3.07,-1.5361,4028723
2016/1/11,'600519,????,199.86,203.79,199.4,203.16,204.63,-4.77,-2.331,2970258
2016/1/8,'600519,????,204.63,208,200,204.17,202.23,2.4,1.1868,4451009
2016/1/7,'600519,????,202.23,208.99,200.03,208.99,212.18,-9.95,-4.6894,814868
2016/1/6,'600519,????,212.18,213.66,209.3,212.78,212.82,-0.64,-0.3007,2376090
2016/1/5,'600519,????,212.82,213.97,207.51,210,210.02,2.8,1.3332,3190891
2016/1/4,'600519,????,210.02,218,209.99,218,218.19,-8.17,-3.7444,1734969